Player,Pos,Age,Tm,G,GS,MP,FG,FGA,FG%,3P,3PA,3P%,2P,2PA,2P%,eFG%,FT,FTA,FT%,ORB,DRB,TRB,AST,STL,BLK,TOV,PF,PTS
Precious Achiuwa,C,22,TOR,21,17,26.5,3.4,8.8,.386,0.3,1.2,.269,3.0,7.5,.405,.405,0.9,1.7,.543,2.3,5.9,8.2,1.6,0.5,0.6,1.1,2.5,8.0
Steven Adams,C,28,MEM,24,24,24.7,2.6,5.0,.525,0.0,0.0,,2.6,5.0,.525,.525,1.9,2.9,.657,3.8,4.8,8.5,2.7,0.8,0.8,1.5,1.8,7.2
Bam Adebayo,C,24,MIA,18,18,32.9,7.0,13.5,.519,0.0,0.1,.000,7.0,13.4,.521,.519,4.7,6.2,.759,2.7,7.4,10.2,3.2,1.1,0.3,2.9,3.3,18.7
Santi Aldama,PF,21,MEM,13,0,10.5,1.6,4.5,.356,0.2,2.0,.115,1.4,2.5,.545,.381,0.5,0.8,.600,1.1,1.8,2.8,0.9,0.2,0.2,0.3,1.0,3.9
LaMarcus Aldridge,C,36,BRK,22,5,23.6,6.0,10.5,.570,0.5,1.3,.357,5.5,9.2,.599,.591,1.5,1.8,.800,1.5,4.4,5.9,0.9,0.3,1.1,0.6,1.6,13.8
Nickeil Alexander-Walker,SG,23,NOP,26,18,28.8,5.0,13.8,.362,2.0,6.8,.301,3.0,7.0,.421,.436,1.5,1.9,.780,1.0,2.9,4.0,2.7,0.9,0.4,1.5,1.7,13.5
Grayson Allen,SG,26,MIL,24,24,28.9,4.6,10.2,.451,3.1,7.3,.425,1.5,2.9,.514,.602,1.2,1.4,.879,0.5,3.2,3.7,1.3,0.7,0.3,0.6,1.6,13.5
Jarrett Allen,C,23,CLE,22,22,33.5,7.1,10.0,.710,0.0,0.2,.250,7.1,9.9,.719,.713,3.0,4.4,.677,3.4,7.9,11.2,1.8,0.9,1.3,2.1,1.7,17.3
Jose Alvarado,PG,23,NOP,7,0,5.4,0.7,1.9,.385,0.3,0.7,.400,0.4,1.1,.375,.462,0.3,0.4,.667,0.3,0.4,0.7,1.3,0.4,0.0,0.0,0.4,2.0
Kyle Anderson,PF,28,MEM,21,2,21.7,3.1,7.3,.429,0.9,2.4,.360,2.3,5.0,.462,.487,0.7,0.9,.789,1.1,4.1,5.2,2.4,0.9,0.5,1.0,1.4,7.9
Giannis Antetokounmpo,PF,27,MIL,22,22,32.4,9.8,18.5,.530,1.2,4.1,.300,8.5,14.4,.595,.563,6.8,10.0,.679,1.9,9.9,11.8,5.8,1.0,1.7,3.2,3.0,27.6
Thanasis Antetokounmpo,SF,29,MIL,20,5,12.9,1.5,3.1,.484,0.0,0.3,.000,1.5,2.8,.536,.484,0.5,0.9,.588,1.1,2.1,3.2,0.8,0.5,0.2,0.7,1.8,3.5
Carmelo Anthony,PF,37,LAL,24,3,28.5,4.8,11.0,.441,2.6,6.1,.429,2.2,4.8,.457,.561,2.0,2.4,.828,0.6,3.1,3.8,0.9,0.8,0.6,0.8,2.3,14.3
Cole Anthony,PG,21,ORL,19,19,34.0,6.8,16.3,.421,2.6,7.5,.345,4.3,8.8,.485,.500,3.4,3.8,.877,0.5,5.8,6.3,5.7,0.9,0.2,3.0,2.5,19.6
OG Anunoby,SF,24,TOR,15,15,37.3,7.6,17.7,.430,2.7,7.5,.366,4.9,10.2,.477,.508,2.2,2.7,.825,1.6,3.8,5.4,2.7,1.5,0.6,1.7,2.7,20.1
D.J. Augustin,PG,34,HOU,19,0,12.5,1.3,3.1,.407,0.9,2.2,.405,0.4,0.9,.412,.551,0.8,0.9,.882,0.1,0.8,0.9,2.1,0.2,0.0,1.1,0.6,4.2
Deni Avdija,SF,21,WAS,25,0,21.3,2.2,5.3,.424,0.8,2.5,.306,1.5,2.8,.529,.496,0.8,1.3,.656,0.8,4.0,4.8,1.2,0.6,0.7,0.5,2.1,6.1
Joel Ayayi,SG,21,WAS,4,0,2.5,0.0,0.0,,0.0,0.0,,0.0,0.0,,,0.0,0.0,,0.0,0.5,0.5,0.5,0.0,0.0,0.0,0.0,0.0
Deandre Ayton,C,23,PHO,18,18,30.9,7.3,11.9,.614,0.1,0.3,.200,7.3,11.7,.624,.616,1.6,2.6,.617,3.0,8.1,11.1,1.5,0.8,0.7,1.8,2.3,16.3
Udoka Azubuike,C,22,UTA,4,0,2.0,0.3,0.3,1.000,0.0,0.0,,0.3,0.3,1.000,1.000,0.0,0.0,,0.3,0.8,1.0,0.0,0.0,0.0,0.3,0.0,0.5
,,,,,,,,,,,,,,,,,,,,,,,,,,,,
Marvin Bagley III,PF,22,SAC,9,0,17.8,2.4,4.9,.500,0.4,1.7,.267,2.0,3.2,.621,.545,1.2,1.8,.688,1.6,4.3,5.9,0.7,0.1,0.1,0.8,1.0,6.6
LaMelo Ball,PG,20,CHO,24,24,33.3,7.3,17.3,.418,2.9,7.5,.391,4.3,9.9,.439,.502,2.6,2.9,.900,1.5,6.2,7.7,8.3,1.9,0.4,3.3,3.1,20.0
Lonzo Ball,PG,24,CHI,25,25,35.2,4.6,11.0,.413,3.0,7.0,.426,1.6,4.0,.390,.549,0.3,0.4,.727,1.0,4.6,5.6,4.9,1.7,1.0,2.3,2.5,12.4
Mo Bamba,C,23,ORL,24,24,29.3,4.2,9.2,.457,1.3,4.1,.327,2.9,5.1,.561,.529,0.8,1.0,.720,2.3,6.6,8.9,1.8,0.8,2.2,1.5,2.7,10.5
Desmond Bane,SF,23,MEM,24,24,28.8,6.2,13.0,.474,2.6,6.5,.400,3.6,6.5,.548,.574,1.2,1.3,.906,0.6,3.8,4.4,2.0,0.9,0.4,1.6,2.5,16.1
Dalano Banton,SF,22,TOR,24,0,13.1,1.8,3.7,.477,0.3,0.8,.333,1.5,2.9,.514,.511,0.8,1.0,.750,0.7,1.8,2.4,1.7,0.4,0.2,1.1,1.5,4.5
Harrison Barnes,PF,29,SAC,19,19,35.0,5.8,12.1,.478,1.9,4.9,.398,3.8,7.2,.533,.559,5.5,6.5,.846,1.4,5.8,7.2,2.4,1.0,0.2,2.1,1.4,19.0
Scottie Barnes,PF,20,TOR,22,22,35.6,6.1,12.5,.489,0.7,1.9,.357,5.5,10.6,.513,.516,2.1,3.0,.723,2.9,5.2,8.0,3.2,1.2,0.8,2.0,2.8,15.1
RJ Barrett,SF,21,NYK,22,22,31.0,5.1,13.0,.396,1.6,5.1,.310,3.5,7.8,.453,.458,2.1,3.0,.701,0.6,5.2,5.8,2.1,0.4,0.3,1.7,2.0,14.0
Will Barton,SG,31,DEN,21,21,33.4,6.2,14.0,.446,2.5,6.6,.381,3.7,7.4,.503,.536,1.0,1.5,.710,0.7,4.6,5.3,4.1,0.9,0.4,1.7,1.3,16.0
Charles Bassey,PF,21,PHI,10,0,8.1,1.2,1.8,.667,0.0,0.3,.000,1.2,1.5,.800,.667,0.5,0.7,.714,1.0,1.9,2.9,0.2,0.1,0.7,0.3,1.1,2.9
Keita Bates-Diop,SF,26,SAS,16,4,13.8,1.3,2.9,.457,0.1,0.7,.091,1.3,2.2,.571,.467,0.4,0.5,.750,0.6,2.6,3.2,0.3,0.4,0.4,0.8,0.6,3.1
Nicolas Batum,PF,33,LAC,14,13,27.6,3.6,6.9,.521,2.3,5.2,.438,1.3,1.6,.783,.688,0.4,0.7,.500,0.5,5.0,5.5,1.5,1.1,0.8,0.8,1.2,9.8
Kent Bazemore,SF,32,LAL,17,13,20.4,1.6,4.8,.333,0.8,2.5,.302,0.8,2.2,.368,.414,0.6,0.8,.769,0.2,1.8,2.1,0.9,0.9,0.3,0.5,2.5,4.5
Darius Bazley,PF,21,OKC,23,23,27.4,3.2,9.0,.354,1.0,3.5,.272,2.2,5.4,.408,.408,1.1,1.8,.619,1.0,5.6,6.5,1.3,0.8,1.2,1.5,0.8,8.4
Bradley Beal,SG,28,WAS,22,22,35.7,8.5,19.5,.437,1.5,5.8,.266,7.0,13.7,.510,.477,3.8,4.4,.866,0.9,3.8,4.7,5.9,0.9,0.3,3.4,2.1,22.5
Malik Beasley,SG,25,MIN,24,0,25.7,3.9,10.9,.356,2.7,8.1,.335,1.2,2.8,.418,.481,0.7,0.9,.727,0.4,2.7,3.1,1.5,0.6,0.2,0.6,1.2,11.1
DeAndre' Bembry,SF,27,BRK,22,7,20.4,2.5,4.5,.571,0.4,1.0,.429,2.1,3.5,.610,.617,0.4,0.9,.474,0.8,2.6,3.4,1.2,1.0,0.5,0.7,2.2,5.9
Dāvis Bertāns,PF,29,WAS,15,0,15.5,1.5,5.3,.288,1.1,4.3,.250,0.5,1.1,.438,.388,0.9,1.0,.933,0.2,1.4,1.6,0.5,0.3,0.1,0.4,1.7,5.1
Patrick Beverley,PG,33,MIN,16,12,25.4,3.1,6.7,.458,1.2,3.5,.339,1.9,3.2,.588,.547,0.8,1.1,.706,1.4,2.9,4.4,4.5,0.9,1.0,1.2,3.1,8.1
,,,,,,,,,,,,,,,,,,,,,,,,,,,,
Saddiq Bey,SF,22,DET,23,23,32.5,4.6,13.1,.349,1.8,6.3,.292,2.7,6.8,.401,.419,1.5,2.0,.756,2.0,4.2,6.1,2.5,1.0,0.2,1.3,1.7,12.4
Khem Birch,C,29,TOR,15,3,22.9,2.7,5.3,.500,0.0,0.4,.000,2.7,4.9,.541,.500,1.6,2.2,.727,3.2,2.5,5.7,1.3,1.0,0.5,0.6,1.8,6.9
Goga Bitadze,C,22,IND,16,0,8.6,0.9,3.1,.286,0.3,1.6,.160,0.6,1.5,.417,.327,0.7,1.1,.647,1.0,1.3,2.3,0.2,0.6,0.6,0.3,1.6,2.7
Nemanja Bjelica,C,33,GSW,24,0,14.2,2.4,5.0,.471,0.9,2.4,.386,1.5,2.7,.547,.562,0.8,1.2,.714,0.9,3.0,3.9,1.5,0.8,0.3,1.2,1.3,6.5
Eric Bledsoe,PG,32,LAC,25,22,26.6,3.4,8.2,.412,0.8,2.9,.264,2.6,5.3,.492,.458,1.6,2.0,.837,0.7,3.2,4.0,3.4,1.3,0.4,2.0,1.6,9.1
Keljin Blevins,SF,26,POR,3,0,4.7,0.7,1.3,.500,0.7,1.0,.667,0.0,0.3,.000,.750,0.0,0.0,,0.0,0.3,0.3,0.3,0.0,0.0,0.7,0.0,2.0
Bogdan Bogdanović,SG,29,ATL,20,20,28.2,4.5,10.0,.447,2.2,5.5,.391,2.3,4.5,.517,.555,0.6,0.7,.786,0.4,3.2,3.6,2.5,0.7,0.2,0.9,1.9,11.6
Bojan Bogdanović,PF,32,UTA,23,23,30.2,5.6,12.2,.461,2.5,6.2,.408,3.1,6.0,.514,.564,3.1,3.3,.922,0.8,3.2,4.0,1.9,0.5,0.0,1.5,1.4,16.8
Bol Bol,PF,22,DEN,10,0,4.7,0.7,1.5,.467,0.0,0.3,.000,0.7,1.2,.583,.467,0.1,0.3,.333,0.2,1.2,1.4,0.2,0.1,0.2,0.0,0.3,1.5
Leandro Bolmaro,SF,21,MIN,13,1,9.2,0.6,1.8,.333,0.1,0.5,.143,0.5,1.3,.412,.354,0.5,0.5,.857,0.8,1.2,2.1,0.5,0.2,0.0,0.6,1.2,1.8
Isaac Bonga,SF,22,TOR,8,0,4.4,0.1,0.8,.167,0.0,0.3,.000,0.1,0.5,.250,.167,0.3,0.5,.500,0.3,0.3,0.5,0.3,0.5,0.1,0.1,0.6,0.5
Devin Booker,SG,25,PHO,21,21,32.2,8.6,18.7,.458,2.4,5.9,.403,6.2,12.8,.483,.522,3.7,4.3,.857,0.9,4.0,4.9,4.5,0.9,0.2,2.7,2.3,23.2
Brandon Boston Jr.,SG,20,LAC,12,0,10.1,1.5,3.8,.391,0.5,1.3,.375,1.0,2.5,.400,.457,1.0,1.1,.923,0.1,0.9,1.0,0.3,0.4,0.3,0.8,0.7,4.5
Chris Boucher,PF,29,TOR,22,0,13.7,2.4,6.0,.397,0.5,2.5,.185,1.9,3.5,.545,.435,1.1,1.6,.686,1.4,2.6,4.0,0.3,0.5,0.8,0.5,1.4,6.3
James Bouknight,SG,21,CHO,9,0,4.4,0.4,1.7,.267,0.1,0.3,.333,0.3,1.3,.250,.300,0.4,0.4,1.000,0.6,0.2,0.8,0.3,0.0,0.0,0.1,0.4,1.4
Avery Bradley,SG,31,LAL,21,16,22.2,1.9,5.0,.381,1.0,3.0,.349,0.9,2.0,.429,.486,0.1,0.1,1.000,0.5,2.0,2.5,0.9,0.6,0.2,0.6,1.4,5.0
Tony Bradley,C,24,CHI,19,7,12.7,1.6,2.9,.564,0.0,0.0,,1.6,2.9,.564,.564,0.3,0.4,.714,1.4,2.8,4.2,0.4,0.1,0.6,0.6,1.3,3.5
Ignas Brazdeikis,SF,23,ORL,12,0,8.2,0.6,2.3,.250,0.3,1.4,.176,0.3,0.9,.364,.304,0.1,0.2,.500,0.4,1.0,1.4,0.5,0.3,0.0,0.3,1.0,1.5
Mikal Bridges,SF,25,PHO,24,24,34.7,5.0,9.2,.538,1.3,3.1,.405,3.7,6.1,.605,.606,1.0,1.1,.852,0.8,3.2,4.0,1.9,1.5,0.5,0.8,2.2,12.1
Miles Bridges,PF,23,CHO,26,26,36.6,7.5,16.1,.463,2.2,6.7,.329,5.3,9.5,.557,.531,3.1,4.0,.769,1.3,6.0,7.3,3.3,1.2,0.9,1.8,2.7,20.2
,,,,,,,,,,,,,,,,,,,,,,,,,,,,
Oshae Brissett,SF,23,IND,15,0,13.4,1.7,3.8,.456,0.8,1.9,.429,0.9,1.9,.483,.561,0.2,0.7,.273,0.6,2.1,2.7,0.5,0.3,0.3,0.7,1.0,4.5
Malcolm Brogdon,PG,29,IND,21,21,35.5,7.3,16.1,.453,1.9,6.0,.310,5.4,10.1,.538,.510,4.0,4.6,.876,1.0,4.8,5.8,6.2,0.8,0.5,2.4,2.1,20.5
Armoni Brooks,SG,23,HOU,19,0,12.9,1.8,4.9,.362,1.4,4.1,.333,0.4,0.8,.500,.500,0.4,0.4,.875,0.3,1.2,1.4,0.7,0.6,0.2,0.2,1.3,5.3
Dillon Brooks,SF,26,MEM,11,10,26.1,6.4,15.5,.409,1.6,5.0,.327,4.7,10.5,.448,.462,2.9,3.2,.914,0.7,2.5,3.3,2.8,1.4,0.2,2.4,3.5,17.3
Bruce Brown,SF,25,BRK,20,14,23.1,3.0,6.6,.450,0.4,1.2,.304,2.6,5.4,.481,.477,0.5,0.7,.692,1.2,3.0,4.2,1.1,1.3,0.5,0.7,2.4,6.7
Greg Brown III,SF,20,POR,11,0,4.6,0.6,1.8,.350,0.0,0.4,.000,0.6,1.5,.438,.350,0.2,0.6,.286,0.5,0.8,1.3,0.5,0.2,0.4,0.2,0.6,1.5
Jaylen Brown,SF,25,BOS,13,13,32.8,7.8,16.8,.463,2.4,6.5,.365,5.4,10.2,.526,.534,3.5,4.5,.763,0.5,4.8,5.2,2.2,1.1,0.5,2.4,2.7,21.4
Moses Brown,C,22,DAL,9,1,3.8,0.6,0.7,.833,0.0,0.0,,0.6,0.7,.833,.833,0.6,1.1,.500,0.2,0.8,1.0,0.0,0.1,0.2,0.4,0.8,1.7
Sterling Brown,SG,26,DAL,20,0,12.8,1.1,3.1,.355,0.6,2.0,.275,0.6,1.1,.500,.444,0.2,0.2,1.000,0.7,2.5,3.2,0.8,0.5,0.2,0.7,1.2,3.0
Troy Brown Jr.,SF,22,CHI,16,0,10.6,1.4,3.4,.426,0.5,1.5,.333,0.9,1.9,.500,.500,0.4,0.7,.636,0.4,1.9,2.3,0.6,0.2,0.0,0.3,0.8,3.8
Jalen Brunson,PG,25,DAL,21,6,29.1,5.9,12.0,.490,1.0,3.1,.338,4.8,8.9,.543,.534,2.0,2.5,.788,0.6,3.3,3.9,5.0,0.8,0.0,1.5,2.0,14.7
Reggie Bullock,SF,30,DAL,21,5,23.1,2.0,6.0,.344,1.2,4.3,.275,0.9,1.6,.529,.444,0.2,0.4,.625,0.2,2.6,2.8,0.6,0.3,0.0,0.7,1.5,5.5
Trey Burke,PG,29,DAL,13,0,10.8,2.4,5.2,.456,0.8,1.8,.417,1.6,3.4,.477,.529,0.8,0.8,.909,0.0,0.7,0.7,1.4,0.4,0.0,0.9,0.7,6.3
Alec Burks,SG,30,NYK,23,4,24.1,3.5,8.3,.417,2.1,4.7,.440,1.4,3.6,.386,.542,2.3,2.8,.815,0.4,3.5,3.9,1.9,1.2,0.3,0.7,2.0,11.3
Jared Butler,SG,21,UTA,14,0,4.6,0.6,2.0,.286,0.3,1.1,.250,0.3,0.9,.333,.357,0.3,0.5,.571,0.0,0.5,0.5,0.5,0.1,0.4,0.5,0.9,1.7
Jimmy Butler,SF,32,MIA,18,18,33.7,7.7,15.2,.509,0.3,1.7,.194,7.4,13.4,.550,.520,7.1,8.3,.852,1.6,4.2,5.8,5.2,2.2,0.3,1.9,1.6,22.8
Devontae Cacok,PF,25,SAS,1,0,2.0,1.0,1.0,1.000,0.0,0.0,,1.0,1.0,1.000,1.000,0.0,0.0,,1.0,1.0,2.0,1.0,0.0,0.0,0.0,0.0,2.0
Kentavious Caldwell-Pope,SG,28,WAS,25,25,29.0,4.0,9.2,.432,2.1,5.2,.403,1.9,4.0,.470,.546,1.4,1.5,.895,0.6,3.0,3.6,1.7,1.3,0.3,1.2,1.9,11.4
Facundo Campazzo,PG,30,DEN,22,0,18.8,1.9,4.6,.406,1.1,2.9,.381,0.8,1.7,.447,.525,0.8,1.0,.810,0.4,1.4,1.7,2.5,0.9,0.2,1.1,1.9,5.6
Vlatko Čančar,PF,24,DEN,5,0,5.4,0.8,1.6,.500,0.6,0.6,1.000,0.2,1.0,.200,.688,0.6,0.8,.750,0.2,0.2,0.4,0.8,0.2,0.0,0.4,0.6,2.8
,,,,,,,,,,,,,,,,,,,,,,,,,,,,
Clint Capela,C,27,ATL,25,25,29.9,5.1,8.9,.570,0.0,0.0,.000,5.1,8.9,.572,.570,1.2,2.4,.508,4.0,8.6,12.7,1.3,0.9,1.4,0.6,2.4,11.4
Vernon Carey Jr.,C,20,CHO,1,0,1.0,0.0,1.0,.000,0.0,0.0,,0.0,1.0,.000,.000,0.0,0.0,,0.0,1.0,1.0,0.0,0.0,0.0,0.0,0.0,0.0
Jevon Carter,PG,26,BRK,23,1,12.7,0.9,3.2,.284,0.8,2.5,.310,0.1,0.7,.188,.405,0.1,0.2,.750,0.2,1.3,1.5,1.1,0.3,0.3,0.3,1.3,2.7
Wendell Carter Jr.,C,22,ORL,25,25,28.9,5.1,9.9,.516,1.4,3.9,.357,3.7,6.0,.620,.587,1.5,2.2,.704,2.1,7.8,9.9,2.2,0.7,0.6,1.3,2.6,13.2
Alex Caruso,SG,27,CHI,23,6,28.6,2.8,6.4,.442,1.0,3.0,.333,1.8,3.4,.538,.520,1.8,2.1,.857,1.0,2.8,3.7,4.1,2.2,0.4,1.5,2.7,8.5
Willie Cauley-Stein,C,28,DAL,18,2,9.8,0.9,1.9,.457,0.1,0.1,.500,0.8,1.8,.455,.471,0.1,0.1,.500,0.7,1.4,2.1,0.5,0.3,0.2,0.4,0.9,1.9
Justin Champagnie,SF,20,TOR,10,0,3.8,0.3,0.9,.333,0.0,0.1,.000,0.3,0.8,.375,.333,0.4,0.4,1.000,0.6,0.4,1.0,0.1,0.0,0.1,0.0,0.6,1.0
Chris Chiozza,PG,26,GSW,11,0,11.3,1.0,2.7,.367,0.8,2.0,.409,0.2,0.7,.250,.517,0.1,0.1,1.000,0.5,1.0,1.5,1.6,0.5,0.0,0.8,1.4,2.9
Josh Christopher,SG,20,HOU,15,0,7.5,1.1,2.9,.372,0.3,0.7,.364,0.8,2.1,.375,.419,0.5,0.6,.778,0.3,0.7,1.0,0.8,0.4,0.0,0.7,0.6,2.9
Brandon Clarke,PF,25,MEM,19,0,16.0,3.4,5.5,.610,0.1,0.6,.091,3.3,4.9,.670,.614,0.9,1.4,.667,1.7,2.6,4.4,1.4,0.4,0.9,0.4,1.7,7.7
Jordan Clarkson,SG,29,UTA,23,0,24.8,5.3,14.2,.370,2.6,8.9,.294,2.7,5.3,.496,.462,1.7,2.0,.826,0.7,2.4,3.1,2.0,0.7,0.2,1.3,1.7,14.8
Nicolas Claxton,C,22,BRK,5,3,15.8,2.2,4.0,.550,0.0,0.0,,2.2,4.0,.550,.550,0.8,1.8,.444,0.6,3.8,4.4,0.6,0.0,0.8,0.8,1.6,5.2
Amir Coffey,SG,24,LAC,16,3,12.9,0.9,2.5,.350,0.6,1.9,.333,0.3,0.6,.400,.475,1.1,1.2,.895,0.2,1.4,1.6,0.7,0.1,0.1,0.3,0.8,3.4
John Collins,PF,24,ATL,25,25,32.3,6.6,11.7,.562,1.2,3.0,.413,5.3,8.7,.613,.615,2.6,3.3,.783,1.7,6.1,7.8,2.2,0.7,1.4,1.1,2.9,17.0
Mike Conley,PG,34,UTA,21,21,28.5,5.1,10.0,.510,2.7,5.7,.475,2.4,4.3,.556,.645,1.3,1.6,.848,0.3,1.7,2.0,5.4,1.2,0.3,1.8,2.0,14.2
Pat Connaughton,SG,29,MIL,25,10,28.8,4.4,8.8,.498,2.8,6.4,.429,1.6,2.4,.683,.654,0.8,1.0,.760,0.8,4.0,4.8,1.4,0.9,0.3,0.8,1.4,12.3
Tyler Cook,PF,24,CHI,1,0,12.0,2.0,3.0,.667,0.0,0.0,,2.0,3.0,.667,.667,2.0,2.0,1.000,0.0,2.0,2.0,2.0,0.0,0.0,1.0,1.0,6.0
Sharife Cooper,PG,20,ATL,5,0,2.2,0.2,0.8,.250,0.0,0.4,.000,0.2,0.4,.500,.250,0.0,0.0,,0.0,0.0,0.0,0.8,0.0,0.0,0.2,0.0,0.4
Petr Cornelie,PF,26,DEN,6,0,3.7,0.3,1.5,.222,0.0,0.8,.000,0.3,0.7,.500,.222,0.0,0.0,,0.8,0.7,1.5,0.5,0.0,0.0,0.3,0.7,0.7
DeMarcus Cousins,C-F,31,MIL,3,0,14.7,2.3,6.0,.389,0.3,1.7,.200,2.0,4.3,.462,.417,3.3,4.0,.833,1.3,3.7,5.0,1.0,1.0,0.0,1.0,2.7,8.3
,,,,,,,,,,,,,,,,,,,,,,,,,,,,
Robert Covington,PF,31,POR,25,25,26.5,2.4,6.2,.394,1.6,4.6,.348,0.8,1.6,.525,.523,0.1,0.1,1.000,0.5,4.1,4.6,1.2,1.0,1.0,1.1,2.1,6.6
Torrey Craig,SF,31,IND,25,1,15.7,2.1,4.2,.491,0.6,2.0,.275,1.5,2.2,.691,.557,0.7,0.9,.773,1.2,2.1,3.3,0.9,0.4,0.3,0.6,1.6,5.4
Jae Crowder,PF,31,PHO,24,24,28.0,3.1,8.1,.387,1.9,5.5,.338,1.3,2.5,.492,.503,1.1,1.5,.771,0.5,4.3,4.8,1.4,1.3,0.5,0.8,2.3,9.3
Jarrett Culver,SG,22,MEM,8,0,8.1,1.8,3.3,.538,0.4,1.1,.333,1.4,2.1,.647,.596,0.5,1.0,.500,0.3,1.1,1.4,1.4,0.4,0.0,0.3,0.1,4.4
Cade Cunningham,PG,20,DET,18,18,31.7,5.6,14.7,.379,2.3,7.4,.308,3.3,7.3,.450,.456,1.5,1.8,.844,1.1,5.4,6.6,4.6,1.3,0.6,3.8,2.6,14.9
Seth Curry,SG,31,PHI,22,22,34.3,5.8,11.6,.502,2.1,5.3,.405,3.7,6.3,.583,.594,2.1,2.4,.885,0.5,2.4,2.9,2.6,0.9,0.1,1.7,2.4,15.9
Stephen Curry,PG,33,GSW,23,23,34.2,9.0,20.4,.439,5.5,13.2,.416,3.5,7.2,.482,.574,4.3,4.6,.934,0.6,5.0,5.6,6.5,1.8,0.5,3.1,1.8,27.7
Anthony Davis,C,28,LAL,23,23,35.7,9.7,18.5,.523,0.4,2.1,.188,9.3,16.4,.566,.534,4.6,6.4,.721,3.0,7.0,10.0,3.1,1.3,2.2,2.0,2.3,24.4
Ed Davis,C,32,CLE,9,2,8.6,0.8,1.1,.700,0.0,0.0,,0.8,1.1,.700,.700,0.1,0.2,.500,0.4,2.8,3.2,0.1,0.2,0.4,0.3,1.0,1.7
Terence Davis,SG,24,SAC,16,5,16.2,3.1,7.9,.394,1.4,4.8,.299,1.7,3.1,.540,.484,0.7,0.9,.733,0.2,2.3,2.4,0.8,0.8,0.3,1.1,2.1,8.4
Gabriel Deck,PF,26,OKC,6,0,7.5,1.0,2.0,.500,0.2,0.5,.333,0.8,1.5,.556,.542,0.0,0.0,,0.2,0.7,0.8,0.5,0.2,0.0,0.3,0.3,2.2
Dewayne Dedmon,C,32,MIA,25,7,15.7,2.1,3.8,.552,0.3,0.4,.636,1.8,3.4,.541,.589,1.1,1.4,.778,1.8,3.9,5.6,0.6,0.4,0.5,0.9,2.1,5.6
Sam Dekker,PF,27,TOR,1,0,1.0,0.0,0.0,,0.0,0.0,,0.0,0.0,,,0.0,0.0,,0.0,0.0,0.0,0.0,0.0,0.0,0.0,0.0,0.0
DeMar DeRozan,PF,32,CHI,24,24,35.3,9.5,19.0,.498,0.8,2.5,.333,8.6,16.5,.523,.520,6.6,7.5,.888,0.6,4.7,5.3,4.1,0.9,0.4,2.0,2.3,26.4
Hamidou Diallo,SG,23,DET,16,1,14.6,2.5,4.8,.519,0.3,0.9,.267,2.3,3.9,.581,.545,0.9,1.1,.778,0.9,1.9,2.8,0.7,0.6,0.4,0.7,1.7,6.1
Gorgui Dieng,C,32,ATL,21,0,8.4,0.9,2.1,.422,0.3,1.0,.333,0.6,1.1,.500,.500,0.4,0.7,.643,1.0,2.4,3.4,0.7,0.2,0.3,0.5,1.2,2.6
Spencer Dinwiddie,PG,28,WAS,21,21,29.7,4.6,11.7,.394,1.9,5.4,.345,2.8,6.3,.436,.474,2.3,2.7,.875,0.7,4.2,4.9,5.2,0.3,0.2,1.5,2.1,13.4
Luka Dončić,PG,22,DAL,18,18,34.7,9.4,21.2,.445,2.7,8.1,.329,6.8,13.1,.517,.508,3.8,5.7,.676,0.8,7.3,8.1,8.5,1.1,0.6,4.6,2.4,25.4
Luguentz Dort,SF,22,OKC,22,22,32.6,5.9,13.6,.433,2.5,7.3,.335,3.5,6.3,.547,.523,3.0,3.5,.859,0.7,3.3,4.0,1.9,0.9,0.4,1.6,2.8,17.3
Ayo Dosunmu,SG,22,CHI,24,1,17.2,2.5,5.0,.496,0.7,1.7,.415,1.8,3.3,.538,.567,0.4,0.7,.588,0.5,1.7,2.2,1.1,0.4,0.2,0.8,1.4,6.0
,,,,,,,,,,,,,,,,,,,,,,,,,,,,
Devon Dotson,PG,22,CHI,3,0,4.7,0.3,1.0,.333,0.0,0.7,.000,0.3,0.3,1.000,.333,0.7,0.7,1.000,0.0,1.7,1.7,1.0,0.0,0.0,0.3,0.7,1.3
Sekou Doumbouya,PF,21,LAL,2,0,8.0,2.5,4.0,.625,0.5,1.0,.500,2.0,3.0,.667,.688,1.5,2.0,.750,1.0,2.0,3.0,0.0,1.5,1.0,1.0,0.5,7.0
Jeff Dowtin,PG,24,GSW,3,0,3.3,0.7,1.3,.500,0.0,0.0,,0.7,1.3,.500,.500,0.0,0.0,,0.0,0.7,0.7,0.0,0.0,0.0,0.0,0.3,1.3
PJ Dozier,SG,25,DEN,18,0,18.9,2.0,5.5,.364,0.8,2.7,.313,1.2,2.8,.412,.439,0.6,0.7,.769,0.8,2.7,3.5,1.6,0.6,0.3,0.7,1.8,5.4
Goran Dragić,PG,35,TOR,5,2,18.0,2.6,6.8,.382,0.8,2.8,.286,1.8,4.0,.450,.441,2.0,2.0,1.000,0.4,2.4,2.8,1.8,1.0,0.2,0.2,1.6,8.0
Andre Drummond,C,28,PHI,23,10,21.0,2.7,5.5,.484,0.0,0.0,.000,2.7,5.4,.488,.484,1.1,2.1,.531,3.3,6.9,10.2,2.0,1.0,1.2,1.7,2.7,6.4
Chris Duarte,SG,24,IND,24,18,29.6,5.2,12.3,.419,1.9,5.4,.346,3.3,6.9,.476,.495,0.9,1.3,.710,0.5,3.5,4.1,2.0,1.1,0.1,1.7,1.8,13.1
Kevin Durant,PF,33,BRK,22,22,36.0,10.4,19.5,.533,1.8,4.6,.382,8.6,14.8,.580,.578,6.1,7.0,.870,0.5,7.3,7.7,5.5,0.6,0.7,3.0,1.6,28.6
Anthony Edwards,SG,20,MIN,24,24,36.5,8.0,19.0,.423,2.9,8.5,.341,5.1,10.5,.490,.500,2.9,3.7,.795,1.3,4.8,6.1,3.7,1.6,0.8,3.5,2.3,21.9
Kessler Edwards,F,21,BRK,2,0,6.0,1.5,3.0,.500,1.0,2.0,.500,0.5,1.0,.500,.667,0.0,0.0,,0.5,1.0,1.5,0.0,0.0,0.0,0.5,0.0,4.0
CJ Elleby,SF,21,POR,13,0,5.3,0.7,1.6,.429,0.2,0.8,.273,0.5,0.8,.600,.500,0.0,0.0,,0.1,1.2,1.2,0.3,0.0,0.0,0.5,0.8,1.6
Wayne Ellington,SG,34,LAL,16,2,20.8,2.2,5.4,.402,2.0,5.1,.395,0.2,0.4,.500,.586,0.3,0.3,1.000,0.2,1.3,1.5,0.7,0.4,0.1,0.4,0.9,6.6
Joel Embiid,C,27,PHI,14,14,33.1,7.4,16.9,.439,1.4,3.4,.404,6.1,13.6,.447,.479,7.7,10.0,.771,2.0,9.3,11.3,4.4,0.9,1.6,2.9,2.6,23.9
Drew Eubanks,C,24,SAS,21,8,14.4,2.0,4.0,.506,0.0,0.2,.000,2.0,3.8,.532,.506,1.7,2.1,.795,1.2,3.2,4.4,1.4,0.4,0.8,1.3,1.6,5.7
Tacko Fall,C,26,CLE,7,0,2.7,0.1,0.3,.500,0.0,0.0,,0.1,0.3,.500,.500,0.1,0.6,.250,0.1,0.6,0.7,0.0,0.0,0.1,0.1,0.0,0.4
Derrick Favors,C,30,OKC,17,8,16.7,2.6,5.2,.500,0.1,0.5,.250,2.5,4.7,.525,.511,0.5,0.8,.571,1.5,3.5,5.0,0.4,0.5,0.2,0.3,1.2,5.8
Bruno Fernando,C,23,BOS,8,0,2.3,0.3,0.4,.667,0.0,0.0,,0.3,0.4,.667,.667,0.0,0.0,,0.1,0.1,0.3,0.1,0.0,0.1,0.4,0.4,0.5
Dorian Finney-Smith,PF,28,DAL,22,22,31.2,3.4,7.8,.430,1.8,4.9,.374,1.5,3.0,.523,.547,0.6,1.0,.565,1.7,2.6,4.4,1.5,1.5,0.5,0.9,2.3,9.1
Malik Fitts,PF,24,UTA,3,0,2.3,0.0,0.0,,0.0,0.0,,0.0,0.0,,,0.0,0.0,,0.0,0.7,0.7,0.0,0.0,0.0,0.0,0.0,0.0
Malachi Flynn,PG,23,TOR,17,0,8.2,1.0,2.9,.340,0.4,1.4,.250,0.6,1.5,.423,.400,0.2,0.3,.600,0.3,1.0,1.3,0.9,0.5,0.1,0.3,0.8,2.5
,,,,,,,,,,,,,,,,,,,,,,,,,,,,
Bryn Forbes,SG,28,SAS,22,0,14.2,2.6,5.6,.472,1.1,2.7,.417,1.5,2.9,.524,.573,0.5,0.6,.786,0.0,1.2,1.2,0.7,0.4,0.0,0.9,0.8,6.9
Trent Forrest,PG,23,UTA,16,0,7.6,0.6,0.9,.600,0.0,0.1,.000,0.6,0.8,.692,.600,0.4,0.5,.875,0.3,0.9,1.1,0.6,0.3,0.0,0.6,0.6,1.6
Evan Fournier,SG,29,NYK,23,23,28.9,4.8,11.6,.416,2.7,6.7,.394,2.2,4.9,.446,.530,1.0,1.3,.767,0.5,2.3,2.8,1.7,1.0,0.2,1.3,1.7,13.3
De'Aaron Fox,PG,24,SAC,24,24,34.8,7.5,17.5,.429,1.1,4.3,.262,6.4,13.2,.483,.461,4.0,5.5,.733,0.5,3.2,3.7,5.5,1.3,0.5,3.0,2.8,20.1
Enes Freedom,C,29,BOS,13,0,12.7,1.7,3.8,.440,0.1,0.2,.333,1.6,3.6,.447,.450,1.2,1.4,.833,2.3,3.8,6.1,0.2,0.2,0.6,0.7,1.4,4.6
Daniel Gafford,C,23,WAS,22,22,20.9,3.9,5.9,.667,0.0,0.0,,3.9,5.9,.667,.667,1.2,1.8,.692,2.0,4.0,6.0,1.0,0.5,1.9,1.1,2.6,9.0
Danilo Gallinari,PF,33,ATL,22,0,21.5,3.0,7.3,.416,1.5,3.7,.390,1.6,3.6,.443,.516,1.8,2.0,.930,0.5,3.5,4.0,1.4,0.5,0.2,0.5,1.1,9.4
Darius Garland,PG,22,CLE,23,23,34.6,7.2,15.4,.466,2.7,6.9,.390,4.5,8.5,.528,.554,2.2,2.5,.879,0.5,2.4,2.9,7.3,1.2,0.1,4.0,1.8,19.3
Marcus Garrett,SG,23,MIA,4,0,2.5,0.0,0.3,.000,0.0,0.0,,0.0,0.3,.000,.000,0.0,0.0,,0.0,0.3,0.3,0.5,0.0,0.0,0.0,0.3,0.0
Usman Garuba,PF,19,HOU,7,0,6.4,0.7,2.0,.357,0.3,1.1,.250,0.4,0.9,.500,.429,0.0,0.0,,0.9,1.7,2.6,0.9,0.3,0.6,0.3,0.6,1.7
Luka Garza,C,23,DET,14,2,10.0,1.3,3.1,.419,0.4,1.1,.333,0.9,2.0,.464,.477,0.8,1.0,.786,1.0,1.2,2.2,0.5,0.4,0.1,0.4,1.7,3.7
Rudy Gay,PF,35,UTA,9,0,18.8,3.7,7.4,.493,2.4,5.1,.478,1.2,2.3,.524,.657,1.0,1.3,.750,0.9,4.2,5.1,1.3,0.2,0.2,0.9,1.6,10.8
Paul George,SF,31,LAC,24,24,35.9,9.2,21.7,.422,2.7,8.4,.318,6.5,13.3,.488,.484,4.0,4.5,.880,0.4,6.9,7.3,5.4,1.9,0.4,4.3,2.6,25.0
Taj Gibson,C,36,NYK,11,0,18.6,1.4,2.8,.484,0.0,0.3,.000,1.4,2.5,.536,.484,0.6,0.8,.778,1.9,2.8,4.7,0.7,0.4,1.3,1.0,3.3,3.4
Josh Giddey,SG,19,OKC,21,21,29.4,4.3,10.8,.403,0.9,3.4,.254,3.5,7.4,.471,.442,0.9,1.3,.679,1.5,5.3,6.8,5.8,1.0,0.6,2.8,1.8,10.4
Shai Gilgeous-Alexander,PG,23,OKC,20,20,35.1,7.5,18.1,.413,2.0,6.6,.295,5.5,11.5,.480,.467,4.8,6.1,.787,0.6,4.4,4.9,4.9,1.0,0.7,2.4,2.1,21.7
Anthony Gill,PF,29,WAS,9,0,4.8,0.8,1.1,.700,0.3,0.3,1.000,0.4,0.8,.571,.850,0.6,0.7,.833,0.4,1.0,1.4,0.1,0.0,0.2,0.1,0.3,2.4
Rudy Gobert,C,29,UTA,23,23,31.9,5.3,7.3,.731,0.0,0.0,.000,5.3,7.2,.735,.731,4.3,6.3,.676,3.0,11.7,14.7,1.0,1.0,2.3,2.0,2.6,14.9
Aaron Gordon,PF,26,DEN,23,23,32.0,5.3,10.4,.515,1.0,3.0,.353,4.3,7.4,.579,.565,2.1,2.9,.727,1.9,4.1,6.0,2.2,0.6,0.7,1.6,2.1,13.8
Eric Gordon,SG,33,HOU,20,9,29.7,5.0,10.7,.467,2.3,5.3,.434,2.7,5.4,.500,.575,1.8,2.5,.714,0.2,1.8,1.9,2.8,0.6,0.6,2.4,1.0,14.1
,,,,,,,,,,,,,,,,,,,,,,,,,,,,
Devonte' Graham,PG,26,NOP,23,23,30.9,4.7,12.4,.375,2.7,7.9,.346,1.9,4.5,.427,.486,1.7,2.1,.792,0.6,1.8,2.4,4.4,1.2,0.2,1.8,1.5,13.7
Jerami Grant,PF,27,DET,22,22,33.2,6.7,16.0,.418,1.8,5.4,.328,4.9,10.6,.464,.473,5.0,6.0,.840,1.0,3.9,4.8,2.6,1.1,1.0,2.0,2.1,20.1
Danny Green,SF,34,PHI,17,14,24.1,2.8,6.0,.461,2.1,5.1,.419,0.6,0.9,.688,.637,0.2,0.2,1.000,0.6,1.8,2.5,1.1,1.4,0.8,1.1,1.9,7.9
Draymond Green,PF,31,GSW,23,23,30.2,3.3,5.9,.563,0.3,1.0,.318,3.0,4.9,.611,.589,1.3,2.1,.592,1.2,6.8,8.0,7.6,1.4,1.0,3.1,2.6,8.2
Jalen Green,SG,19,HOU,18,18,30.8,4.8,12.7,.382,1.8,6.4,.278,3.1,6.3,.487,.452,2.6,3.2,.807,0.4,2.7,3.1,2.3,0.6,0.2,2.7,1.6,14.0
JaMychal Green,PF,31,DEN,22,4,14.7,2.1,5.2,.404,0.5,2.3,.196,1.6,2.9,.571,.447,0.6,0.8,.778,1.0,2.5,3.5,0.9,0.8,0.5,1.1,2.3,5.3
Javonte Green,SF,28,CHI,23,12,20.6,2.1,4.2,.495,0.4,1.1,.385,1.7,3.1,.535,.546,0.8,1.0,.750,1.5,2.7,4.3,0.7,0.8,0.3,0.7,2.0,5.4
Jeff Green,C,35,DEN,23,14,24.3,3.4,7.2,.473,0.8,2.5,.328,2.6,4.7,.551,.530,2.2,2.7,.810,0.4,2.7,3.1,1.1,0.3,0.5,1.0,2.0,9.8
Josh Green,SG,21,DAL,11,0,4.9,0.6,1.3,.500,0.0,0.2,.000,0.6,1.1,.583,.500,0.0,0.2,.000,0.4,0.6,1.0,0.4,0.2,0.1,0.2,0.5,1.3
Blake Griffin,PF,32,BRK,17,17,21.7,2.0,6.3,.318,0.5,3.3,.161,1.5,3.0,.490,.360,0.9,1.4,.696,1.2,3.7,4.9,2.0,0.5,0.6,0.5,2.3,5.5
Quentin Grimes,SG,21,NYK,11,0,6.8,0.6,1.7,.368,0.6,1.5,.412,0.0,0.2,.000,.553,0.0,0.0,,0.2,0.6,0.8,0.3,0.0,0.0,0.3,0.6,1.9
Tyrese Haliburton,SG,21,SAC,22,22,33.4,4.6,10.6,.432,1.6,4.4,.375,3.0,6.3,.471,.509,1.0,1.3,.750,1.0,2.8,3.8,5.5,1.8,0.7,1.9,1.3,11.8
R.J. Hampton,SG,20,ORL,25,0,18.7,2.7,6.4,.421,1.0,2.6,.406,1.6,3.8,.432,.503,1.3,2.2,.593,0.3,2.7,3.0,2.3,0.5,0.2,1.7,1.4,7.7
Tim Hardaway Jr.,SG,29,DAL,22,19,32.2,5.0,13.1,.385,2.5,7.1,.357,2.5,6.0,.420,.483,2.0,2.8,.726,0.4,3.5,3.8,2.3,1.0,0.1,0.5,2.0,14.7
James Harden,PG,32,BRK,23,23,35.7,5.9,14.6,.403,2.5,7.3,.347,3.3,7.3,.458,.490,6.3,7.2,.885,1.0,6.9,7.9,9.5,1.5,0.7,4.8,2.4,20.6
Maurice Harkless,SF,28,SAC,16,14,20.4,1.6,4.1,.385,0.6,2.5,.225,1.0,1.6,.640,.454,0.5,0.7,.727,0.2,2.6,2.8,0.6,0.5,0.5,0.4,1.6,4.2
Montrezl Harrell,C,28,WAS,25,3,26.6,5.9,9.0,.653,0.1,0.3,.250,5.8,8.7,.668,.658,3.8,5.0,.752,2.6,5.7,8.2,2.2,0.6,0.7,1.4,2.0,15.6
Gary Harris,SG,27,ORL,19,9,25.3,3.0,7.3,.410,0.9,3.4,.281,2.1,3.9,.520,.475,0.6,0.8,.733,0.7,1.4,2.2,1.7,0.7,0.1,1.1,1.8,7.5
Joe Harris,SF,30,BRK,14,14,30.2,4.0,8.9,.452,2.9,6.3,.466,1.1,2.6,.417,.617,0.4,0.4,.833,0.4,3.6,4.0,1.0,0.5,0.1,1.1,2.2,11.3
Tobias Harris,PF,29,PHI,15,15,34.5,7.7,16.5,.470,1.3,4.1,.306,6.5,12.3,.524,.508,2.6,3.2,.813,1.1,7.3,8.4,3.7,0.5,0.6,1.7,1.4,19.3
,,,,,,,,,,,,,,,,,,,,,,,,,,,,
Josh Hart,PF,26,NOP,19,18,30.1,4.1,8.4,.488,0.8,2.4,.326,3.3,6.0,.553,.534,2.1,2.4,.848,1.0,5.3,6.3,3.8,0.9,0.4,1.4,2.8,11.1
Isaiah Hartenstein,C,23,LAC,24,0,15.6,3.1,4.8,.649,0.1,0.1,.667,3.0,4.6,.649,.658,1.0,1.8,.595,1.8,2.9,4.7,1.5,0.8,1.2,0.9,2.5,7.3
Udonis Haslem,C,41,MIA,5,0,4.6,0.6,1.2,.500,0.0,0.2,.000,0.6,1.0,.600,.500,0.0,0.0,,0.2,1.0,1.2,0.2,0.0,0.2,0.0,1.0,1.2
Sam Hauser,F,24,BOS,2,0,2.5,0.0,1.0,.000,0.0,1.0,.000,0.0,0.0,,.000,0.0,0.0,,0.0,0.5,0.5,0.0,0.5,0.0,0.0,0.5,0.0
Jaxson Hayes,C,21,NOP,19,0,12.2,2.1,4.1,.519,0.2,0.6,.364,1.9,3.5,.545,.545,1.5,1.9,.757,1.3,2.0,3.3,0.3,0.3,0.6,0.6,1.6,5.9
Killian Hayes,PG,20,DET,18,18,25.9,2.2,6.6,.336,1.1,3.0,.352,1.2,3.6,.323,.416,0.9,0.9,.941,0.7,3.0,3.7,3.7,1.3,0.4,1.7,2.8,6.4
Gordon Hayward,SF,31,CHO,26,26,34.2,6.0,13.5,.446,1.7,4.6,.378,4.3,8.9,.481,.510,3.3,3.9,.853,0.8,4.0,4.9,3.7,0.8,0.6,1.8,1.8,17.1
Aaron Henry,SF,22,PHI,1,0,2.0,0.0,1.0,.000,0.0,1.0,.000,0.0,0.0,,.000,0.0,0.0,,0.0,0.0,0.0,0.0,0.0,0.0,0.0,0.0,0.0
Juan Hernangómez,PF,26,BOS,12,0,4.3,0.3,1.3,.267,0.2,0.8,.222,0.2,0.5,.333,.333,0.3,0.4,.800,0.5,0.6,1.1,0.0,0.3,0.0,0.4,0.3,1.2
Willy Hernangómez,C,27,NOP,12,0,14.0,3.5,5.7,.618,0.2,0.2,1.000,3.3,5.5,.606,.632,1.5,2.1,.720,2.6,4.3,6.8,1.8,0.5,0.3,1.0,2.1,8.7
Tyler Herro,SG,22,MIA,22,7,33.5,8.2,18.3,.447,2.8,7.0,.396,5.4,11.3,.478,.522,2.2,2.6,.860,0.8,4.7,5.5,3.8,0.6,0.0,3.0,1.4,21.4
Buddy Hield,SG,29,SAC,24,2,28.7,5.3,13.6,.388,3.6,10.0,.364,1.7,3.7,.455,.521,1.7,2.0,.837,0.8,3.5,4.3,2.3,0.7,0.3,1.6,2.1,15.9
George Hill,SG,35,MIL,22,11,27.3,2.8,6.3,.442,1.0,3.0,.328,1.8,3.2,.549,.522,1.2,1.3,.929,0.9,2.7,3.6,2.5,0.8,0.1,1.0,1.8,7.7
Solomon Hill,PF,30,ATL,13,1,10.7,0.2,1.5,.150,0.2,1.0,.154,0.1,0.5,.143,.200,0.0,0.0,,0.5,1.3,1.8,0.9,0.3,0.2,0.1,1.2,0.6
Aaron Holiday,PG,25,WAS,24,7,17.5,2.4,5.4,.442,0.5,1.5,.351,1.8,3.8,.478,.492,0.5,0.7,.765,0.2,1.4,1.6,2.0,0.6,0.3,1.1,1.6,5.8
Jrue Holiday,PG,31,MIL,19,18,31.7,6.3,14.1,.448,1.8,5.0,.358,4.5,9.1,.497,.511,1.1,1.7,.656,0.7,4.1,4.8,6.2,1.3,0.5,2.7,2.0,15.5
Justin Holiday,SF,32,IND,23,15,28.1,3.6,9.0,.398,2.4,6.7,.357,1.2,2.3,.519,.532,0.3,0.5,.727,0.3,2.6,2.8,1.7,0.5,0.3,0.9,2.1,9.9
Richaun Holmes,C,28,SAC,21,21,27.9,6.1,8.6,.707,0.1,0.2,.500,6.0,8.4,.712,.713,2.2,2.7,.807,2.8,6.9,9.6,1.4,0.3,1.0,1.5,3.1,14.5
Rodney Hood,SF,29,MIL,18,0,14.8,0.9,3.3,.288,0.6,2.2,.275,0.3,1.1,.316,.381,0.5,0.5,1.000,0.3,1.7,1.9,0.8,0.3,0.1,0.1,0.9,3.0
Al Horford,C,35,BOS,20,20,29.1,4.7,10.1,.465,1.4,4.4,.310,3.4,5.8,.583,.532,2.1,2.4,.854,1.6,6.6,8.2,3.5,0.8,1.8,1.2,2.4,12.8
,,,,,,,,,,,,,,,,,,,,,,,,,,,,
Talen Horton-Tucker,SG,21,LAL,11,8,28.6,4.0,10.5,.383,0.9,3.5,.256,3.1,6.9,.447,.426,1.7,1.8,.950,0.7,4.4,5.1,2.6,0.9,0.6,1.5,3.4,10.6
Danuel House,SF,28,HOU,16,1,14.6,1.6,4.6,.338,0.6,2.1,.294,0.9,2.5,.375,.405,1.1,1.2,.895,0.3,2.4,2.7,1.2,0.3,0.3,1.1,1.0,4.8
Dwight Howard,C,36,LAL,21,1,15.0,1.9,2.9,.650,0.2,0.3,.714,1.6,2.5,.642,.692,1.2,2.0,.619,1.5,3.8,5.3,0.5,0.9,0.7,1.0,1.9,5.2
Markus Howard,SG,22,DEN,12,0,5.4,0.7,2.4,.276,0.4,1.8,.238,0.3,0.7,.375,.362,0.3,0.3,1.000,0.0,0.2,0.2,0.3,0.3,0.0,0.3,0.2,2.1
Kevin Huerter,SG,23,ATL,24,14,27.0,4.3,8.9,.477,1.8,4.5,.393,2.5,4.5,.561,.575,0.5,0.5,.846,0.3,3.1,3.4,2.4,0.3,0.3,1.3,1.8,10.7
Jay Huff,C,23,LAL,1,0,8.0,0.0,1.0,.000,0.0,1.0,.000,0.0,0.0,,.000,0.0,0.0,,1.0,1.0,2.0,1.0,0.0,0.0,0.0,0.0,0.0
Elijah Hughes,SF,23,UTA,6,0,2.8,0.0,0.3,.000,0.0,0.2,.000,0.0,0.2,.000,.000,0.3,0.3,1.000,0.0,0.2,0.2,0.0,0.0,0.0,0.2,0.3,0.3
De'Andre Hunter,SF,24,ATL,11,11,27.8,4.5,10.1,.450,1.4,3.5,.395,3.2,6.6,.479,.518,0.4,0.9,.400,0.4,2.4,2.7,0.6,0.6,0.3,1.3,2.9,10.8
Chandler Hutchison,SF,25,PHO,3,0,3.0,0.3,0.3,1.000,0.0,0.0,,0.3,0.3,1.000,1.000,0.0,0.0,,0.0,1.3,1.3,0.3,0.0,0.0,1.0,0.3,0.7
Bones Hyland,PG,21,DEN,15,0,15.8,2.7,6.9,.385,1.7,4.7,.352,1.0,2.2,.455,.505,1.0,1.1,.938,0.3,1.6,1.9,1.7,0.7,0.2,0.9,1.7,8.0
Serge Ibaka,C,32,LAC,11,3,14.0,1.5,4.3,.362,0.7,1.8,.400,0.8,2.5,.333,.447,0.5,0.7,.625,1.1,2.0,3.1,1.2,0.2,0.3,0.5,1.9,4.3
Andre Iguodala,SF,38,GSW,12,0,20.8,1.5,3.6,.419,0.4,1.9,.217,1.1,1.7,.650,.477,0.3,0.5,.667,0.7,2.8,3.5,3.8,0.8,0.8,0.8,1.0,3.8
Joe Ingles,SF,34,UTA,23,5,24.6,2.8,6.1,.454,2.0,4.9,.407,0.8,1.2,.643,.617,0.3,0.4,.889,0.5,2.5,3.0,3.1,0.5,0.1,1.1,1.7,7.9
Brandon Ingram,SF,24,NOP,19,19,34.7,8.5,19.2,.444,1.8,4.9,.366,6.7,14.3,.471,.490,4.1,4.8,.846,0.9,5.3,6.2,4.7,0.4,0.4,3.1,2.1,22.9
Frank Jackson,PG,23,DET,23,2,21.3,3.3,8.3,.391,1.6,5.3,.298,1.7,3.1,.549,.484,1.3,1.6,.833,0.3,1.0,1.3,0.7,0.5,0.2,0.9,1.4,9.4
Isaiah Jackson,PF,20,IND,5,0,6.0,0.8,2.2,.364,0.0,0.0,,0.8,2.2,.364,.364,0.2,0.4,.500,0.6,1.2,1.8,0.0,0.2,0.2,0.2,1.8,1.8
Jaren Jackson Jr.,PF,22,MEM,24,24,27.0,5.4,12.8,.423,2.3,6.1,.367,3.2,6.7,.475,.511,2.7,3.2,.842,1.1,4.3,5.5,1.0,0.8,2.0,1.4,3.3,15.8
Josh Jackson,SF,24,DET,20,3,18.8,2.7,6.4,.414,0.9,3.0,.288,1.8,3.5,.522,.480,1.2,1.7,.697,0.6,2.9,3.5,1.7,0.5,0.5,1.2,1.9,7.3
Reggie Jackson,SG,31,LAC,25,25,33.3,6.6,16.6,.395,2.8,8.4,.329,3.8,8.2,.463,.478,1.4,1.7,.791,0.6,2.9,3.6,4.0,0.6,0.1,1.9,1.9,17.2
LeBron James,SF,37,LAL,12,12,36.9,9.6,20.2,.475,2.8,8.4,.337,6.8,11.8,.574,.545,3.6,4.8,.741,0.7,5.0,5.7,6.8,1.8,0.7,3.7,2.3,25.6
,,,,,,,,,,,,,,,,,,,,,,,,,,,,
DeJon Jarreau,SG,24,IND,1,0,1.0,0.0,0.0,,0.0,0.0,,0.0,0.0,,,0.0,0.0,,0.0,0.0,0.0,0.0,0.0,0.0,0.0,0.0,0.0
Ty Jerome,SG,24,OKC,20,1,13.8,2.3,5.8,.397,1.0,3.3,.303,1.3,2.5,.520,.483,1.2,1.5,.828,0.3,0.9,1.2,1.2,0.7,0.1,0.5,1.3,6.8
Isaiah Joe,SG,22,PHI,14,0,9.7,1.3,3.5,.367,0.9,2.7,.342,0.4,0.8,.455,.500,0.3,0.3,1.000,0.1,1.1,1.2,0.6,0.1,0.0,0.4,0.8,3.8
Alize Johnson,PF,25,CHI,14,0,7.4,0.9,1.5,.571,0.0,0.1,.000,0.9,1.4,.600,.571,0.2,0.4,.600,1.0,1.3,2.3,0.6,0.2,0.0,0.5,0.9,1.9
Cameron Johnson,PF,25,PHO,24,0,23.3,3.3,8.0,.419,2.0,4.9,.398,1.4,3.0,.452,.542,0.9,1.2,.724,0.3,3.0,3.3,1.3,0.8,0.3,0.7,1.5,9.5
David Johnson,SG,20,TOR,2,0,1.0,0.0,0.5,.000,0.0,0.5,.000,0.0,0.0,,.000,0.0,0.0,,0.0,0.0,0.0,0.0,0.0,0.0,0.0,0.0,0.0
Jalen Johnson,PF,20,ATL,7,0,2.7,0.7,1.4,.500,0.3,0.6,.500,0.4,0.9,.500,.600,0.3,0.3,1.000,0.0,0.7,0.7,0.0,0.0,0.0,0.0,0.0,2.0
James Johnson,PF,34,BRK,14,0,17.1,1.9,4.0,.482,0.2,0.8,.273,1.7,3.2,.533,.509,0.4,1.0,.429,1.0,2.6,3.6,1.4,0.4,0.4,0.6,2.4,4.5
Keldon Johnson,SF,22,SAS,22,22,31.8,5.7,12.3,.467,1.2,2.9,.406,4.5,9.4,.485,.515,2.2,3.3,.658,1.1,5.4,6.5,2.0,1.0,0.2,1.4,1.7,14.8
Keon Johnson,SG,19,LAC,3,0,5.3,0.0,1.3,.000,0.0,0.3,.000,0.0,1.0,.000,.000,1.3,1.3,1.000,0.3,0.7,1.0,0.7,0.3,0.0,0.3,1.0,1.3
Nikola Jokić,C,26,DEN,18,18,32.6,10.0,17.3,.577,1.7,4.4,.375,8.3,12.9,.647,.625,3.9,5.2,.753,2.6,10.9,13.5,6.8,1.2,0.7,3.2,2.6,25.6
Damian Jones,C,26,SAC,10,0,8.4,1.2,1.7,.706,0.1,0.2,.500,1.1,1.5,.733,.735,0.7,1.1,.636,1.1,1.4,2.5,0.5,0.0,0.3,0.2,1.2,3.2
Derrick Jones Jr.,PF,24,CHI,21,1,18.0,2.6,4.4,.587,0.3,1.1,.304,2.2,3.3,.681,.625,1.3,1.6,.824,1.4,2.2,3.6,0.6,0.5,1.0,0.5,2.4,6.8
Herb Jones,C,23,NOP,23,14,26.4,2.7,5.8,.455,0.3,0.9,.333,2.3,4.9,.478,.481,0.8,1.0,.792,1.3,1.9,3.2,1.7,1.5,0.8,1.1,3.1,6.4
Kai Jones,C,21,CHO,6,0,1.3,0.2,0.2,1.000,0.0,0.0,,0.2,0.2,1.000,1.000,0.0,0.0,,0.0,0.2,0.2,0.0,0.0,0.0,0.5,0.0,0.3
Tre Jones,PG,22,SAS,20,0,10.0,1.7,3.5,.478,0.0,0.3,.000,1.7,3.2,.516,.478,0.5,0.5,1.000,0.2,1.0,1.2,1.5,0.5,0.0,0.6,0.7,3.8
Tyus Jones,PG,25,MEM,24,5,18.5,2.6,5.6,.470,0.9,2.1,.431,1.7,3.5,.494,.552,0.8,0.9,.905,0.2,2.3,2.4,4.0,0.8,0.1,0.7,0.5,7.0
DeAndre Jordan,C,33,LAL,20,16,13.8,2.3,3.2,.703,0.0,0.0,,2.3,3.2,.703,.703,0.3,0.5,.600,1.7,4.3,6.0,0.4,0.4,0.9,0.8,1.8,4.8
Cory Joseph,PG,30,DET,22,4,21.5,2.2,5.2,.426,0.5,1.8,.308,1.7,3.5,.487,.478,1.5,1.9,.829,0.3,1.5,1.8,3.5,0.8,0.2,1.4,1.5,6.5
Georgios Kalaitzakis,SF,23,MIL,9,0,5.3,0.6,1.2,.455,0.2,0.4,.500,0.3,0.8,.429,.545,0.4,1.0,.444,0.4,0.4,0.9,0.0,0.1,0.1,0.4,0.9,1.8
,,,,,,,,,,,,,,,,,,,,,,,,,,,,
Frank Kaminsky,C,28,PHO,9,0,20.1,4.0,7.3,.545,0.6,1.7,.333,3.4,5.7,.608,.583,2.0,2.2,.900,1.2,3.3,4.6,1.4,0.9,0.8,0.6,1.6,10.6
Luke Kennard,SG,25,LAC,25,1,28.0,3.8,8.7,.431,2.5,5.9,.429,1.2,2.8,.437,.576,0.6,0.6,.938,0.2,3.2,3.4,1.8,0.8,0.1,0.8,1.5,10.6
Louis King,SF,22,SAC,3,0,16.3,2.3,7.0,.333,1.3,4.7,.286,1.0,2.3,.429,.429,2.0,2.3,.857,0.0,2.3,2.3,0.3,0.7,0.0,0.0,2.3,8.0
Corey Kispert,SF,22,WAS,23,0,12.1,1.4,3.4,.410,0.5,2.0,.239,0.9,1.4,.656,.481,0.5,0.6,.786,0.4,1.3,1.8,0.5,0.2,0.1,0.3,0.4,3.7
Maxi Kleber,PF,30,DAL,13,3,23.4,2.8,6.2,.450,1.8,4.5,.390,1.0,1.6,.619,.594,0.9,1.2,.750,1.2,4.4,5.6,0.8,0.5,0.9,0.5,2.2,8.2
Nathan Knight,PF,24,MIN,9,0,3.8,0.6,0.8,.714,0.0,0.0,,0.6,0.8,.714,.714,0.8,1.1,.700,0.4,0.7,1.1,0.3,0.1,0.2,0.3,0.6,1.9
Kevin Knox,SF,22,NYK,5,0,3.6,0.4,1.0,.400,0.2,0.6,.333,0.2,0.4,.500,.500,0.2,0.4,.500,0.4,0.0,0.4,0.2,0.0,0.0,0.4,0.4,1.2
John Konchar,SG,25,MEM,22,0,15.4,1.6,3.0,.545,0.5,1.1,.400,1.2,1.9,.634,.621,0.1,0.4,.375,1.0,2.8,3.7,1.3,0.7,0.2,0.6,1.2,3.9
Furkan Korkmaz,SG,24,PHI,23,5,23.1,3.3,8.7,.380,1.6,5.1,.316,1.7,3.6,.470,.473,0.9,1.1,.808,0.3,2.6,2.9,2.6,0.7,0.1,1.0,0.9,9.1
Vit Krejci,SG,21,OKC,3,0,3.0,0.0,0.7,.000,0.0,0.7,.000,0.0,0.0,,.000,0.7,0.7,1.000,0.0,1.0,1.0,0.0,0.0,0.0,0.3,0.0,0.7
Jonathan Kuminga,SF,19,GSW,15,0,7.5,1.3,3.1,.435,0.1,1.0,.133,1.2,2.1,.581,.457,0.6,1.0,.600,0.5,1.2,1.7,0.3,0.3,0.1,0.5,1.1,3.4
Kyle Kuzma,PF,26,WAS,25,25,32.6,4.8,11.3,.424,2.0,5.7,.352,2.8,5.6,.496,.512,1.3,2.0,.653,0.8,7.6,8.4,2.8,0.6,0.7,2.0,2.1,12.9
Jeremy Lamb,SF,29,IND,19,0,13.9,2.3,5.7,.394,1.2,3.1,.397,1.1,2.7,.392,.500,1.6,1.6,1.000,0.4,2.2,2.6,1.1,0.5,0.4,0.6,1.1,7.3
Jock Landale,C,26,SAS,7,0,3.0,0.9,1.1,.750,0.1,0.3,.500,0.7,0.9,.833,.813,0.3,0.4,.667,0.3,0.0,0.3,0.3,0.0,0.1,0.1,0.1,2.1
Romeo Langford,SG,22,BOS,18,0,18.6,1.8,4.4,.405,0.8,2.0,.417,0.9,2.4,.395,.500,0.4,0.6,.727,0.9,2.2,3.1,0.5,0.4,0.1,0.6,1.3,4.8
Zach LaVine,SF,26,CHI,25,25,35.0,9.5,19.4,.490,2.8,7.5,.378,6.6,11.8,.561,.563,4.1,4.7,.864,0.4,4.9,5.3,4.0,0.5,0.4,2.6,1.5,25.9
Jake Layman,SF,27,MIN,7,0,4.9,0.4,1.4,.300,0.1,0.6,.250,0.3,0.9,.333,.350,0.0,0.0,,0.1,0.6,0.7,0.0,0.1,0.1,0.3,0.1,1.0
Damion Lee,SG,29,GSW,18,0,20.9,3.2,7.4,.433,1.2,3.5,.333,2.1,3.9,.521,.511,1.1,1.3,.833,0.4,2.8,3.2,1.1,0.4,0.1,0.6,1.3,8.7
Saben Lee,PG,22,DET,9,0,12.7,1.4,4.2,.342,0.4,2.0,.222,1.0,2.2,.450,.395,0.8,1.3,.583,0.1,1.6,1.7,1.6,1.0,0.2,0.7,0.7,4.1
Alex Len,C,28,SAC,16,3,16.3,2.3,4.4,.507,0.4,0.9,.429,1.9,3.6,.526,.549,1.1,1.7,.667,0.9,2.9,3.9,1.0,0.2,0.9,1.1,3.1,6.0
,,,,,,,,,,,,,,,,,,,,,,,,,,,,
Caris LeVert,SG,27,IND,18,18,27.6,6.0,14.3,.420,1.2,4.5,.259,4.8,9.8,.494,.461,1.8,2.3,.780,0.4,2.3,2.7,2.9,0.8,0.6,1.4,2.0,14.9
Kira Lewis Jr.,PG,20,NOP,23,0,14.4,2.5,6.2,.401,0.6,2.5,.228,1.9,3.7,.518,.447,0.4,0.5,.818,0.4,1.3,1.7,2.0,0.4,0.0,1.1,0.7,5.9
Damian Lillard,PG,31,POR,20,20,35.7,7.3,18.4,.397,2.8,9.1,.302,4.6,9.3,.489,.471,4.1,4.5,.911,0.4,3.6,4.0,7.8,0.7,0.4,2.6,1.4,21.5
Nassir Little,SF,21,POR,21,2,22.4,3.1,6.5,.478,1.0,3.0,.317,2.1,3.5,.616,.551,1.1,1.4,.828,1.4,3.9,5.3,0.8,0.8,0.6,0.9,2.1,8.3
Kevon Looney,C,25,GSW,24,24,17.8,2.1,4.1,.515,0.0,0.0,.000,2.1,4.1,.520,.515,1.0,1.7,.561,2.5,3.9,6.3,1.1,0.5,0.7,0.7,2.4,5.2
Brook Lopez,C,33,MIL,1,1,28.0,3.0,9.0,.333,2.0,4.0,.500,1.0,5.0,.200,.444,0.0,0.0,,2.0,3.0,5.0,0.0,1.0,3.0,0.0,3.0,8.0
Robin Lopez,C,33,ORL,8,1,15.1,2.8,4.6,.595,0.0,0.1,.000,2.8,4.5,.611,.595,1.3,2.0,.625,1.5,1.1,2.6,1.0,0.0,0.6,1.1,1.8,6.8
Didi Louzada,SF,22,NOP,2,0,3.5,0.0,1.5,.000,0.0,1.5,.000,0.0,0.0,,.000,0.0,0.0,,1.0,0.0,1.0,0.5,0.0,0.0,0.0,0.0,0.0
Kevin Love,PF,33,CLE,17,0,20.0,3.5,8.7,.405,1.8,4.9,.361,1.8,3.8,.462,.507,2.2,2.3,.949,1.2,5.8,7.1,2.0,0.2,0.2,1.0,1.1,11.0
Kyle Lowry,PG,35,MIA,23,23,34.0,4.5,10.6,.424,2.0,6.3,.313,2.5,4.3,.586,.516,2.0,2.3,.870,0.5,4.1,4.6,7.6,1.0,0.3,3.0,2.8,13.0
Timothé Luwawu-Cabarrot,SF,26,ATL,18,4,9.6,1.3,3.2,.404,0.9,2.2,.400,0.4,0.9,.412,.544,0.3,0.3,.833,0.1,1.1,1.1,0.5,0.2,0.2,0.2,1.1,3.7
Trey Lyles,PF,26,DET,23,0,15.9,2.5,6.1,.411,0.8,2.8,.292,1.7,3.3,.513,.479,1.7,2.2,.780,1.4,2.8,4.2,0.7,0.3,0.2,0.9,1.3,7.6
Théo Maledon,PG,20,OKC,12,0,12.9,0.8,3.3,.225,0.3,2.2,.115,0.5,1.2,.429,.263,0.8,1.0,.833,0.4,1.3,1.8,1.0,0.3,0.1,1.2,0.8,2.6
Sandro Mamukelashvili,PF,22,MIL,12,1,9.5,1.2,2.6,.452,0.3,0.9,.364,0.8,1.7,.500,.516,0.2,0.3,.667,1.2,1.2,2.3,0.5,0.0,0.1,0.3,0.5,2.8
Terance Mann,SF,25,LAC,24,0,27.3,3.5,7.8,.449,1.0,2.8,.338,2.5,5.0,.513,.511,1.5,1.9,.783,1.5,3.6,5.1,2.3,0.6,0.1,1.1,2.3,9.5
Tre Mann,PG,20,OKC,15,2,15.2,2.7,6.5,.412,0.9,2.5,.351,1.8,4.0,.450,.479,0.9,1.2,.722,0.5,1.3,1.8,0.3,0.5,0.3,0.8,1.3,7.1
Boban Marjanović,C,33,DAL,13,0,6.2,2.2,3.5,.644,0.1,0.2,.500,2.2,3.3,.651,.656,0.5,1.0,.462,0.5,1.5,2.0,0.2,0.0,0.2,0.6,1.2,5.0
Lauri Markkanen,PF,24,CLE,16,16,31.8,5.1,12.6,.406,2.4,7.1,.333,2.8,5.5,.500,.500,1.9,2.3,.861,1.3,4.8,6.1,1.2,0.8,0.6,0.7,1.4,14.6
Naji Marshall,SF,24,NOP,18,0,11.4,1.1,3.3,.322,0.2,1.3,.130,0.9,2.0,.444,.347,1.4,1.6,.862,0.7,2.2,2.9,1.1,0.4,0.2,1.0,1.1,3.7
Caleb Martin,SF,26,MIA,22,1,18.9,2.6,5.6,.463,0.6,2.0,.311,2.0,3.5,.551,.520,0.9,1.5,.594,0.8,2.2,3.0,0.9,0.9,0.5,0.5,1.4,6.7
,,,,,,,,,,,,,,,,,,,,,,,,,,,,
Cody Martin,SF,26,CHO,24,1,25.7,3.1,6.4,.481,1.0,2.1,.490,2.0,4.3,.476,.562,1.2,1.7,.725,1.3,3.0,4.3,2.4,1.3,0.5,0.6,1.7,8.4
Kelan Martin,SF,26,IND,19,1,16.8,2.8,6.7,.417,0.8,2.9,.291,1.9,3.8,.514,.480,0.4,0.6,.636,0.6,1.3,1.9,0.9,0.5,0.4,0.7,1.4,6.8
Kenyon Martin Jr.,SF,21,HOU,22,0,15.5,2.9,5.3,.552,0.4,1.4,.290,2.5,3.9,.647,.591,0.7,1.0,.652,0.6,2.5,3.1,0.9,0.4,0.5,0.5,1.1,6.9
Garrison Mathews,SG,25,HOU,10,5,26.8,3.9,8.0,.488,2.9,6.9,.420,1.0,1.1,.909,.669,1.2,1.5,.800,0.8,2.3,3.1,0.4,0.5,0.3,0.2,2.5,11.9
Wesley Matthews,G,35,MIL,2,0,13.5,1.0,2.5,.400,1.0,2.5,.400,0.0,0.0,,.600,0.0,1.0,.000,0.5,1.0,1.5,0.0,1.0,0.5,1.0,1.5,3.0
Tyrese Maxey,PG,21,PHI,23,23,35.4,6.4,13.8,.465,1.1,3.1,.361,5.3,10.7,.496,.506,3.2,3.6,.892,0.4,3.4,3.8,4.9,0.7,0.6,1.2,2.4,17.2
Skylar Mays,SG,24,ATL,7,0,2.7,0.6,0.7,.800,0.1,0.3,.500,0.4,0.4,1.000,.900,0.7,0.7,1.000,0.0,0.3,0.3,0.1,0.0,0.0,0.3,0.3,2.0
Miles McBride,PG,21,NYK,6,0,1.3,0.2,1.5,.111,0.0,1.0,.000,0.2,0.5,.333,.111,0.0,0.0,,0.2,0.0,0.2,0.2,0.2,0.2,0.0,0.2,0.3
CJ McCollum,SG,30,POR,24,24,35.3,8.0,18.8,.424,3.2,8.2,.393,4.8,10.6,.447,.509,1.5,2.1,.700,1.1,3.0,4.1,4.5,1.1,0.7,1.9,2.1,20.6
T.J. McConnell,PG,29,IND,24,6,24.2,3.8,7.5,.503,0.3,1.0,.280,3.5,6.5,.538,.522,0.5,0.6,.800,0.8,2.5,3.3,4.8,1.0,0.4,1.2,1.8,8.4
Jaden McDaniels,PF,21,MIN,21,11,25.1,2.5,6.3,.402,0.7,2.7,.268,1.8,3.6,.500,.458,0.3,0.5,.636,1.6,2.8,4.4,0.8,1.0,0.6,1.0,3.8,6.1
Jalen McDaniels,SF,24,CHO,22,0,15.0,1.9,3.6,.525,0.9,2.0,.455,1.0,1.6,.611,.650,0.7,1.1,.640,0.6,2.7,3.3,1.0,0.4,0.4,0.6,1.7,5.5
Doug McDermott,PF,30,SAS,15,15,25.3,4.3,9.1,.471,2.1,4.9,.438,2.1,4.2,.508,.588,0.5,0.7,.727,0.5,1.9,2.5,1.3,0.2,0.1,0.6,1.2,11.2
JaVale McGee,C,34,PHO,24,6,15.5,4.3,6.5,.667,0.0,0.0,,4.3,6.5,.667,.667,1.4,2.1,.647,2.4,4.6,7.0,0.5,0.3,0.8,1.6,2.4,10.0
Rodney McGruder,SG,30,DET,9,0,5.3,0.6,1.6,.357,0.2,0.9,.250,0.3,0.7,.500,.429,0.2,0.2,1.000,0.2,0.4,0.7,0.3,0.0,0.1,0.1,0.1,1.6
JaQuori McLaughlin,PG,24,DAL,2,0,2.5,0.0,0.5,.000,0.0,0.0,,0.0,0.5,.000,.000,0.0,0.0,,0.0,0.0,0.0,1.0,0.0,0.0,0.0,0.0,0.0
Jordan McLaughlin,PG,25,MIN,17,0,11.0,0.8,2.4,.317,0.2,1.1,.211,0.5,1.3,.409,.366,0.4,0.5,.778,0.2,0.8,0.9,2.2,0.6,0.0,0.6,0.4,2.2
Ben McLemore,SG,28,POR,10,0,11.3,1.7,4.2,.405,1.3,3.6,.361,0.4,0.6,.667,.560,0.5,0.5,1.000,0.3,0.5,0.8,0.7,0.2,0.0,0.5,0.7,5.2
De'Anthony Melton,SG,23,MEM,21,12,24.7,3.9,9.6,.408,1.8,5.0,.362,2.1,4.6,.458,.502,0.6,1.0,.650,0.9,3.2,4.1,2.4,1.6,0.7,1.7,1.5,10.2
Sam Merrill,SG,25,MEM,6,0,9.7,1.3,4.0,.333,1.2,3.8,.304,0.2,0.2,1.000,.479,0.3,0.7,.500,0.2,1.0,1.2,0.7,0.0,0.0,0.3,0.5,4.2
,,,,,,,,,,,,,,,,,,,,,,,,,,,,
Chimezie Metu,C,24,SAC,13,10,23.2,3.3,8.4,.394,1.2,4.3,.268,2.2,4.1,.528,.463,0.8,1.2,.733,1.1,5.6,6.7,1.1,0.8,0.9,1.1,1.2,8.6
Khris Middleton,SF,30,MIL,17,17,30.8,6.3,15.0,.420,1.9,5.9,.330,4.4,9.1,.477,.484,3.4,3.9,.866,0.4,4.9,5.3,5.1,1.2,0.2,2.9,1.9,17.9
Patty Mills,PG,33,BRK,23,9,28.4,4.5,9.7,.464,3.1,6.6,.474,1.3,3.0,.443,.626,0.6,0.6,.929,0.3,1.4,1.7,2.4,0.6,0.2,0.9,1.3,12.7
Paul Millsap,PF,36,BRK,18,0,11.3,1.2,3.3,.367,0.3,1.3,.261,0.9,2.1,.432,.417,0.7,0.9,.706,1.1,2.6,3.6,0.9,0.2,0.4,0.4,2.2,3.4
Shake Milton,PG,25,PHI,19,5,25.5,4.6,9.9,.463,1.0,3.1,.328,3.6,6.8,.523,.513,1.6,1.8,.882,0.5,2.5,3.1,2.9,0.7,0.4,1.1,1.9,11.7
Davion Mitchell,PG,23,SAC,24,0,25.6,3.6,9.7,.373,1.1,4.0,.281,2.5,5.7,.438,.431,0.7,1.1,.654,0.7,2.0,2.6,3.4,0.8,0.2,1.1,2.4,9.1
Donovan Mitchell,SG,25,UTA,22,22,32.5,9.0,20.2,.446,3.1,9.2,.337,5.9,11.0,.537,.523,3.1,3.5,.885,0.9,3.2,4.1,5.1,1.7,0.2,3.0,2.5,24.2
Evan Mobley,PF,20,CLE,21,21,33.9,5.4,11.7,.465,0.7,2.0,.333,4.8,9.7,.493,.494,2.4,3.1,.785,1.8,6.4,8.1,2.6,0.9,1.8,1.7,2.1,14.0
Malik Monk,SG,23,LAL,24,2,24.5,3.9,8.4,.460,1.8,4.9,.368,2.1,3.5,.588,.567,0.8,1.0,.826,0.4,2.3,2.7,2.2,0.7,0.3,1.3,1.5,10.3
Moses Moody,SG,19,GSW,16,0,5.8,0.7,1.8,.393,0.1,0.9,.133,0.6,0.8,.692,.429,0.1,0.1,.500,0.1,0.6,0.7,0.2,0.1,0.1,0.1,0.3,1.6
Ja Morant,PG,22,MEM,19,19,32.6,8.9,18.8,.476,1.6,4.6,.356,7.3,14.2,.515,.520,4.6,5.9,.777,1.3,4.3,5.6,6.8,1.6,0.3,3.2,1.3,24.1
Marcus Morris,PF,32,LAC,9,9,29.0,4.4,10.7,.417,2.2,5.8,.385,2.2,4.9,.455,.521,1.0,1.3,.750,0.2,3.4,3.7,2.1,0.6,0.4,1.6,2.6,12.1
Markieff Morris,PF,32,MIA,10,0,18.7,3.2,7.0,.457,0.8,2.2,.364,2.4,4.8,.500,.514,0.5,0.5,1.000,1.3,1.5,2.8,1.4,0.3,0.1,1.2,2.2,7.7
Monte Morris,PG,26,DEN,23,23,29.8,5.3,10.9,.482,1.3,3.9,.337,4.0,7.0,.562,.542,0.3,0.4,.600,0.3,2.4,2.7,4.3,0.7,0.1,1.3,1.6,12.1
Mychal Mulder,PG,27,ORL,12,1,10.8,1.1,4.1,.265,0.8,2.8,.294,0.3,1.3,.200,.367,0.2,0.2,1.000,0.2,1.0,1.2,0.1,0.3,0.1,0.3,0.7,3.2
Trey Murphy III,SF,21,NOP,25,0,14.9,1.6,4.3,.370,1.2,3.2,.392,0.4,1.2,.310,.514,0.4,0.4,.900,0.7,1.7,2.4,0.6,0.3,0.2,0.4,1.3,4.8
Dejounte Murray,PG,25,SAS,22,22,34.8,8.0,17.8,.449,1.4,4.0,.341,6.6,13.8,.480,.487,1.6,2.4,.692,1.0,7.5,8.5,8.5,2.0,0.4,2.5,2.1,19.0
Mike Muscala,C,30,OKC,17,0,14.6,2.7,5.9,.455,1.7,3.9,.433,1.0,2.0,.500,.599,1.4,1.8,.800,0.4,2.9,3.3,0.5,0.4,0.6,0.4,1.3,8.5
Svi Mykhailiuk,SF,24,TOR,24,4,18.7,2.6,6.0,.434,1.1,3.4,.333,1.5,2.6,.565,.528,0.8,0.9,.909,0.7,2.0,2.6,1.1,0.8,0.1,0.7,1.3,7.1
Abdel Nader,SF,28,PHO,14,0,10.4,0.9,2.5,.343,0.3,1.0,.286,0.6,1.5,.381,.400,0.4,0.7,.600,0.3,1.6,1.9,0.5,0.6,0.3,0.8,1.4,2.4
,,,,,,,,,,,,,,,,,,,,,,,,,,,,
Larry Nance Jr.,PF,29,POR,25,0,20.3,2.5,4.7,.538,0.5,1.6,.308,2.0,3.1,.654,.590,0.7,1.2,.621,1.4,3.5,4.9,1.4,0.9,0.4,0.8,1.4,6.2
RJ Nembhard,SG,22,CLE,2,0,1.5,0.5,0.5,1.000,0.0,0.0,,0.5,0.5,1.000,1.000,0.0,0.0,,0.0,0.5,0.5,0.5,0.0,0.0,0.0,0.0,1.0
Aaron Nesmith,SF,22,BOS,19,0,9.7,1.0,3.0,.333,0.6,2.2,.262,0.4,0.8,.533,.430,0.2,0.2,1.000,0.3,1.3,1.6,0.4,0.3,0.0,0.4,1.3,2.8
Raul Neto,PG,29,WAS,24,0,19.6,3.0,6.5,.458,0.5,1.7,.275,2.5,4.8,.522,.494,1.2,1.6,.718,0.2,1.8,2.0,2.5,0.8,0.0,1.3,1.6,7.5
Georges Niang,PF,28,PHI,24,5,24.6,4.0,9.1,.436,2.1,5.5,.389,1.8,3.6,.506,.553,1.1,1.2,.931,0.3,2.4,2.7,1.7,0.6,0.3,0.8,2.6,11.2
Daishen Nix,G,19,HOU,1,0,2.0,0.0,0.0,,0.0,0.0,,0.0,0.0,,,0.0,0.0,,0.0,0.0,0.0,1.0,0.0,0.0,0.0,0.0,0.0
Zeke Nnaji,PF,21,DEN,11,0,14.3,2.6,5.1,.518,1.5,2.5,.607,1.1,2.5,.429,.670,0.9,1.5,.625,1.2,2.5,3.6,0.1,0.1,0.4,0.5,1.5,7.7
Nerlens Noel,C,27,NYK,10,3,23.5,1.5,3.0,.500,0.0,0.2,.000,1.5,2.8,.536,.500,1.2,1.3,.923,2.3,3.6,5.9,0.7,1.2,1.3,1.0,2.8,4.2
Jaylen Nowell,SG,22,MIN,11,0,5.8,1.1,3.0,.364,0.1,0.7,.125,1.0,2.3,.440,.379,0.2,0.2,1.000,0.3,0.6,0.9,0.8,0.3,0.3,0.1,0.3,2.5
Frank Ntilikina,PG,23,DAL,16,0,14.1,1.8,4.8,.364,0.9,2.6,.366,0.8,2.3,.361,.461,0.8,0.8,1.000,0.2,1.7,1.9,1.4,0.8,0.2,0.7,1.1,5.2
Jusuf Nurkić,C,27,POR,25,25,24.7,5.1,8.7,.590,0.2,0.8,.250,4.9,7.9,.624,.601,3.0,4.0,.747,2.5,7.7,10.2,2.2,1.1,0.6,1.9,2.9,13.4
David Nwaba,SF,29,HOU,15,0,11.7,1.5,3.5,.442,0.1,0.9,.077,1.5,2.6,.564,.452,0.9,1.5,.636,0.5,2.5,3.1,0.7,0.7,0.3,0.5,1.0,4.1
Jordan Nwora,SF,23,MIL,21,0,17.7,2.6,6.6,.396,1.2,3.4,.361,1.4,3.2,.433,.489,0.5,0.6,.846,0.5,2.7,3.2,1.1,0.2,0.4,1.2,1.0,7.0
Royce O'Neale,SF,28,UTA,21,21,31.4,2.9,6.0,.484,1.6,4.1,.391,1.3,1.9,.692,.619,0.6,0.8,.706,1.0,4.0,5.0,2.2,1.5,0.7,1.2,2.3,8.0
Semi Ojeleye,PF,27,MIL,11,0,19.8,1.1,4.3,.255,0.5,2.5,.214,0.5,1.7,.316,.319,0.3,0.5,.600,1.9,1.7,3.6,0.4,0.4,0.5,0.5,1.5,3.0
Chuma Okeke,PF,23,ORL,19,0,21.3,2.6,6.9,.382,0.7,3.2,.233,1.9,3.7,.507,.435,1.2,1.4,.852,0.6,3.5,4.1,1.2,0.7,0.3,0.8,1.3,7.2
Josh Okogie,SG,23,MIN,16,5,15.5,0.9,2.8,.318,0.2,1.1,.167,0.7,1.6,.423,.352,0.6,1.3,.500,0.9,1.4,2.3,1.0,0.7,0.3,0.5,1.5,2.6
Isaac Okoro,SF,21,CLE,18,14,28.8,2.6,7.3,.359,0.7,3.1,.218,1.9,4.2,.461,.405,1.4,1.9,.743,1.4,2.6,4.1,1.8,0.9,0.3,1.1,2.3,7.3
KZ Okpala,PF,22,MIA,12,0,5.9,0.4,1.6,.263,0.1,0.8,.100,0.3,0.8,.444,.289,0.5,0.7,.750,0.4,0.7,1.1,0.3,0.1,0.1,0.0,0.5,1.4
Kelly Olynyk,C,30,DET,10,1,23.0,4.5,9.8,.459,1.4,4.1,.341,3.1,5.7,.544,.531,2.1,3.5,.600,1.3,4.0,5.3,2.3,1.4,0.7,1.5,2.7,12.5
,,,,,,,,,,,,,,,,,,,,,,,,,,,,
Eugene Omoruyi,SF,24,DAL,4,0,4.5,0.5,1.3,.400,0.3,0.5,.500,0.3,0.8,.333,.500,0.5,1.0,.500,0.5,1.3,1.8,0.5,0.0,0.0,0.0,0.5,1.8
Miye Oni,SG,24,UTA,10,0,3.0,0.1,0.5,.200,0.0,0.4,.000,0.1,0.1,1.000,.200,0.0,0.1,.000,0.0,0.4,0.4,0.3,0.0,0.0,0.1,0.4,0.2
Cedi Osman,SF,26,CLE,19,0,22.3,4.0,8.7,.461,2.4,5.9,.407,1.6,2.7,.577,.600,1.1,1.5,.714,0.3,2.5,2.8,1.7,0.9,0.3,0.9,1.6,11.5
Kelly Oubre Jr.,SF,26,CHO,26,7,28.4,6.2,13.2,.466,2.9,7.4,.394,3.2,5.8,.560,.577,1.3,2.0,.642,1.2,2.7,3.9,1.1,1.0,0.3,0.9,2.5,16.5
Kevin Pangos,PG,29,CLE,8,0,3.0,0.1,0.4,.333,0.1,0.3,.500,0.0,0.1,.000,.500,0.1,0.3,.500,0.1,0.0,0.1,0.4,0.1,0.0,0.4,0.3,0.5
Jabari Parker,PF,26,BOS,8,0,9.9,1.6,3.0,.542,0.6,1.1,.556,1.0,1.9,.533,.646,0.8,0.8,1.000,0.4,1.8,2.1,0.5,0.4,0.1,0.6,1.4,4.6
Eric Paschall,PF,25,UTA,19,0,12.1,1.3,3.0,.421,0.5,1.9,.278,0.7,1.1,.667,.509,0.6,0.9,.706,0.7,1.3,2.0,0.7,0.1,0.2,0.5,0.8,3.7
Chris Paul,PG,36,PHO,24,24,32.4,5.2,10.8,.481,1.0,3.0,.342,4.2,7.8,.535,.529,3.1,3.8,.824,0.3,3.7,4.0,10.1,2.0,0.3,2.4,2.0,14.6
Cameron Payne,PG,27,PHO,19,0,18.2,3.4,9.0,.380,1.1,3.5,.318,2.3,5.5,.419,.442,1.7,2.1,.825,0.4,2.5,2.8,2.9,0.6,0.3,1.7,1.7,9.7
Elfrid Payton,PG,27,PHO,10,0,11.7,2.0,4.3,.465,0.0,0.1,.000,2.0,4.2,.476,.465,0.4,0.8,.500,0.6,1.7,2.3,2.2,0.5,0.0,0.8,0.9,4.4
Gary Payton II,PG,29,GSW,23,1,14.7,2.7,4.0,.677,0.6,1.4,.406,2.2,2.7,.820,.747,0.8,1.3,.655,1.1,2.2,3.3,0.8,1.3,0.1,0.5,1.7,6.9
Jamorko Pickett,PF,24,DET,3,0,3.0,0.3,0.3,1.000,0.3,0.3,1.000,0.0,0.0,,1.500,0.0,0.0,,0.0,0.0,0.0,0.0,0.0,0.0,0.3,0.0,1.0
Mason Plumlee,C,31,CHO,20,20,26.2,3.0,5.0,.596,0.0,0.0,,3.0,5.0,.596,.596,0.9,2.6,.346,2.6,4.7,7.3,2.8,0.9,1.0,1.2,3.0,6.8
Jakob Poeltl,C,26,SAS,15,14,29.1,5.8,9.3,.621,0.0,0.0,,5.8,9.3,.621,.621,0.7,2.1,.323,4.2,5.2,9.4,2.2,0.5,1.5,1.5,2.8,12.3
Aleksej Pokusevski,PF,20,OKC,23,0,14.6,1.9,5.6,.344,0.4,2.4,.182,1.5,3.2,.466,.383,0.2,0.4,.500,1.0,3.1,4.1,1.2,0.4,0.5,1.2,1.1,4.5
Yves Pons,F,22,MEM,2,0,2.0,0.0,0.5,.000,0.0,0.0,,0.0,0.5,.000,.000,0.0,0.0,,0.5,0.0,0.5,0.0,0.0,0.0,0.0,0.0,0.0
Jordan Poole,SG,22,GSW,24,24,30.3,6.5,14.3,.452,2.8,7.9,.353,3.7,6.4,.575,.550,2.2,2.4,.914,0.3,2.9,3.2,3.5,1.0,0.2,2.5,2.9,17.9
Kevin Porter Jr.,PG,21,HOU,19,19,30.2,4.4,12.2,.358,1.8,5.8,.309,2.6,6.4,.402,.431,2.3,3.7,.629,0.8,3.6,4.4,5.8,1.3,0.3,4.0,2.3,12.8
Michael Porter Jr.,SF,23,DEN,9,9,29.4,4.1,11.4,.359,1.1,5.3,.208,3.0,6.1,.491,.408,0.6,1.0,.556,1.0,5.6,6.6,1.9,1.1,0.2,1.3,1.8,9.9
Otto Porter,PF,28,GSW,21,0,19.0,2.5,5.5,.448,1.6,4.0,.410,0.9,1.6,.545,.595,0.6,0.8,.750,0.8,3.9,4.6,1.1,0.9,0.3,0.6,1.4,7.1
,,,,,,,,,,,,,,,,,,,,,,,,,,,,
Bobby Portis,C,26,MIL,20,16,28.2,5.7,12.2,.469,1.9,4.6,.407,3.9,7.6,.507,.545,1.8,2.2,.814,2.7,6.5,9.2,1.5,0.8,1.0,1.6,2.7,15.0
Kristaps Porziņģis,PF,26,DAL,15,15,30.3,7.1,15.5,.459,1.7,5.5,.301,5.5,10.0,.547,.513,3.7,4.3,.875,2.3,5.7,8.0,1.9,0.9,1.7,1.4,2.3,19.7
Dwight Powell,C,30,DAL,22,19,19.8,2.3,4.0,.580,0.3,0.9,.368,2.0,3.1,.638,.619,1.1,1.6,.667,2.0,2.5,4.5,1.2,0.5,0.6,0.7,2.5,6.0
Norman Powell,SF,28,POR,21,21,29.7,5.8,12.1,.475,1.9,4.6,.417,3.9,7.6,.509,.553,3.6,4.3,.824,0.3,2.2,2.5,1.6,0.8,0.4,1.1,2.0,17.0
Joshua Primo,SG,19,SAS,6,0,7.3,1.0,1.7,.600,0.7,1.2,.571,0.3,0.5,.667,.800,0.0,0.0,,0.2,0.7,0.8,0.3,0.5,0.7,0.0,0.5,2.7
Taurean Prince,PF,27,MIN,22,6,15.4,1.5,4.0,.360,0.8,2.8,.279,0.7,1.3,.536,.455,0.5,0.8,.706,0.5,1.5,2.0,0.8,0.5,0.2,0.5,1.5,4.2
Payton Pritchard,SG,24,BOS,19,0,9.3,0.8,3.1,.271,0.6,2.1,.300,0.2,1.0,.211,.373,0.3,0.3,1.000,0.3,0.8,1.2,1.2,0.1,0.1,0.6,0.8,2.6
Immanuel Quickley,PG,22,NYK,23,1,20.7,3.1,8.0,.388,1.7,4.8,.355,1.4,3.2,.438,.495,1.5,1.7,.921,0.5,1.7,2.2,2.4,0.6,0.0,1.0,1.9,9.4
Jahmi'us Ramsey,SG,20,SAC,7,0,6.6,0.7,2.0,.357,0.1,0.9,.167,0.6,1.1,.500,.393,0.3,0.6,.500,0.0,0.0,0.0,0.3,0.0,0.1,0.0,0.4,1.9
Julius Randle,PF,27,NYK,23,23,35.4,7.3,16.9,.434,1.7,5.3,.322,5.7,11.7,.485,.485,3.7,5.0,.746,1.9,8.1,10.0,5.3,0.7,0.7,3.3,2.8,20.1
Austin Reaves,SG,23,LAL,13,0,19.0,1.8,3.9,.471,0.7,2.3,.300,1.2,1.6,.714,.559,0.7,0.8,.818,0.3,1.7,2.0,1.0,0.2,0.2,0.8,1.8,5.1
Cam Reddish,SF,22,ATL,21,0,22.5,4.0,9.6,.413,1.6,4.2,.382,2.3,5.3,.438,.498,2.0,2.2,.891,0.9,2.0,2.8,0.9,1.1,0.2,1.3,1.4,11.5
Davon Reed,G,26,DEN,2,0,18.5,1.5,2.5,.600,1.5,1.5,1.000,0.0,1.0,.000,.900,0.0,0.0,,0.5,2.0,2.5,2.5,1.5,0.5,0.5,1.0,4.5
Paul Reed,C,22,PHI,14,2,9.8,1.3,2.5,.514,0.0,0.2,.000,1.3,2.3,.563,.514,0.0,0.0,,1.1,1.6,2.7,0.6,0.6,0.6,0.4,1.5,2.6
Naz Reid,C,22,MIN,22,1,16.6,3.5,7.0,.497,0.9,2.5,.370,2.5,4.5,.566,.562,1.4,2.0,.705,1.3,2.3,3.6,0.7,0.5,1.0,0.8,2.5,9.2
Nick Richards,C,24,CHO,21,3,9.0,1.5,2.1,.705,0.0,0.0,,1.5,2.1,.705,.705,0.6,0.8,.813,1.0,1.1,2.1,0.3,0.2,0.6,0.6,1.4,3.6
Josh Richardson,SG,28,BOS,18,0,24.6,3.4,7.4,.466,1.1,3.1,.345,2.4,4.3,.551,.538,1.2,1.4,.846,0.6,2.3,2.8,1.3,0.6,0.5,0.7,1.9,9.2
Austin Rivers,SG,29,DEN,18,3,17.4,1.5,4.3,.346,0.7,2.7,.271,0.8,1.7,.467,.429,0.2,0.3,.500,0.4,1.1,1.4,0.8,0.5,0.1,0.6,1.2,3.9
Duncan Robinson,SG,27,MIA,25,25,28.2,3.8,10.3,.368,2.9,8.7,.332,0.9,1.6,.561,.508,0.4,0.6,.733,0.3,3.2,3.5,1.4,0.8,0.2,0.8,2.8,10.9
Justin Robinson,PG,24,MIL,17,0,11.6,1.1,3.4,.316,0.6,2.2,.270,0.5,1.2,.400,.404,0.1,0.1,1.000,0.1,0.6,0.8,1.2,0.5,0.0,0.6,1.0,2.8
,,,,,,,,,,,,,,,,,,,,,,,,,,,,
Mitchell Robinson,C,23,NYK,20,20,25.5,2.8,3.7,.757,0.0,0.0,,2.8,3.7,.757,.757,1.3,2.1,.595,3.1,4.7,7.7,0.8,0.4,1.7,0.6,2.8,6.9
Jeremiah Robinson-Earl,C,21,OKC,23,16,21.9,2.7,6.3,.418,1.0,3.1,.338,1.6,3.3,.493,.500,0.5,0.7,.647,1.7,4.1,5.8,0.9,0.6,0.3,0.9,1.4,6.8
Isaiah Roby,PF,23,OKC,12,1,13.3,2.6,4.9,.525,0.4,1.3,.333,2.2,3.7,.591,.568,1.2,1.4,.824,1.0,1.8,2.8,0.8,0.3,0.4,0.7,1.3,6.8
Rajon Rondo,PG,35,LAL,14,0,14.9,1.4,4.5,.317,0.5,1.8,.280,0.9,2.7,.342,.373,0.0,0.0,,0.6,1.9,2.4,3.6,0.8,0.2,1.6,1.4,3.4
Derrick Rose,PG,33,NYK,20,1,23.8,4.8,10.5,.459,1.5,3.7,.392,3.4,6.8,.496,.529,1.3,1.4,.963,0.8,2.2,2.9,3.8,0.9,0.6,1.6,0.7,12.4
Terrence Ross,SG,30,ORL,24,0,24.5,3.5,8.8,.392,1.3,4.5,.296,2.1,4.3,.490,.467,1.7,2.1,.800,0.3,1.9,2.2,2.0,0.5,0.2,1.5,1.2,9.9
Terry Rozier,SG,27,CHO,19,19,32.9,6.5,15.2,.429,2.6,7.4,.350,3.9,7.8,.503,.514,2.1,2.4,.870,0.6,2.9,3.5,3.6,1.3,0.5,1.4,1.4,17.7
Ricky Rubio,PG,31,CLE,25,5,29.2,4.4,12.4,.359,1.9,5.4,.348,2.6,7.0,.368,.435,2.6,3.0,.842,0.4,3.6,4.0,6.2,1.2,0.2,2.7,2.2,13.3
D'Angelo Russell,PG,25,MIN,21,21,32.7,6.6,17.2,.382,2.9,8.9,.323,3.7,8.3,.446,.465,3.0,3.6,.829,0.5,3.4,3.9,6.4,0.9,0.8,2.7,2.2,19.0
Domantas Sabonis,C,25,IND,26,25,34.1,6.8,12.0,.572,0.7,2.6,.279,6.1,9.3,.654,.603,3.4,4.5,.761,3.2,8.8,12.0,4.1,1.2,0.3,3.2,3.4,17.8
Tomáš Satoranský,SG,30,NOP,21,3,15.3,1.0,3.1,.338,0.1,0.7,.214,0.9,2.4,.373,.362,0.6,0.8,.750,0.6,1.5,2.1,2.0,0.3,0.0,0.7,1.3,2.8
Dennis Schröder,SG,28,BOS,23,14,33.3,6.5,14.5,.446,1.7,4.7,.358,4.8,9.8,.489,.504,3.2,3.6,.902,0.7,3.0,3.7,4.9,1.0,0.0,2.7,2.3,17.9
Jay Scrubb,SG,21,LAC,7,0,6.9,1.6,3.7,.423,0.6,1.7,.333,1.0,2.0,.500,.500,0.1,0.3,.500,0.0,0.6,0.6,0.6,0.1,0.3,0.1,0.4,3.9
Wayne Selden,SG,27,NYK,1,0,1.0,0.0,0.0,,0.0,0.0,,0.0,0.0,,,0.0,0.0,,0.0,0.0,0.0,0.0,0.0,0.0,0.0,0.0,0.0
Alperen Şengün,C,19,HOU,22,2,18.0,2.9,5.9,.488,0.5,1.2,.370,2.4,4.6,.520,.527,2.5,3.5,.701,1.4,3.1,4.5,2.6,1.1,0.6,1.8,3.0,8.6
Collin Sexton,SG,23,CLE,11,11,28.7,6.2,13.7,.450,1.0,4.1,.244,5.2,9.6,.538,.487,2.6,3.5,.744,1.2,2.1,3.3,2.1,0.9,0.0,2.8,2.3,16.0
Landry Shamet,SG,24,PHO,23,3,19.8,2.4,6.5,.376,1.8,4.5,.404,0.6,2.0,.311,.517,1.1,1.3,.833,0.2,2.3,2.5,1.7,0.3,0.1,0.5,1.1,7.8
Day'Ron Sharpe,PF,20,BRK,8,0,4.5,1.1,2.1,.529,0.1,0.4,.333,1.0,1.8,.571,.559,0.3,0.6,.400,1.0,1.1,2.1,0.0,0.3,0.3,0.8,0.5,2.6
Pascal Siakam,PF,27,TOR,13,13,33.4,7.1,15.2,.467,1.2,3.7,.333,5.8,11.5,.510,.508,3.7,4.8,.762,1.9,5.2,7.1,3.7,0.7,0.8,2.2,3.5,19.1
Marko Simonovic,C,22,CHI,2,0,4.0,0.0,0.5,.000,0.0,0.5,.000,0.0,0.0,,.000,0.5,1.0,.500,0.0,0.5,0.5,0.0,0.0,0.0,0.5,0.0,0.5
,,,,,,,,,,,,,,,,,,,,,,,,,,,,
Anfernee Simons,SG,22,POR,22,3,23.0,4.5,9.9,.459,2.0,5.4,.381,2.5,4.5,.550,.562,0.8,0.9,.947,0.5,2.1,2.6,2.2,0.5,0.2,1.1,1.6,12.0
Jericho Sims,PF,23,NYK,8,0,6.8,0.4,0.4,1.000,0.0,0.0,,0.4,0.4,1.000,1.000,0.4,0.5,.750,0.3,1.5,1.8,0.0,0.3,0.4,0.3,0.5,1.1
Javonte Smart,G,22,MIL,2,0,19.0,2.5,5.0,.500,0.5,2.0,.250,2.0,3.0,.667,.550,1.5,2.0,.750,1.5,2.0,3.5,2.0,0.0,0.0,1.0,1.5,7.0
Marcus Smart,PG,27,BOS,23,23,34.4,4.0,9.9,.399,1.5,4.9,.304,2.5,5.0,.491,.474,2.0,2.5,.776,0.5,3.3,3.8,5.5,2.1,0.3,1.9,2.3,11.3
Dennis Smith Jr.,PG,24,POR,14,2,16.6,2.1,5.1,.408,0.4,1.1,.313,1.7,3.9,.436,.444,1.2,1.8,.680,0.4,1.8,2.1,3.2,1.4,0.3,1.6,1.3,5.7
Ish Smith,PG,33,CHO,18,1,13.6,2.2,5.3,.417,0.2,0.3,.500,2.1,5.0,.411,.432,0.2,0.4,.375,0.1,1.2,1.3,2.4,0.4,0.2,0.9,0.7,4.8
Jalen Smith,PF,21,PHO,7,0,5.1,1.0,2.0,.500,0.0,0.3,.000,1.0,1.7,.583,.500,0.9,1.0,.857,0.6,1.6,2.1,0.0,0.1,0.1,0.1,0.4,2.9
Tony Snell,SG,30,POR,19,3,12.1,0.7,2.1,.325,0.5,1.6,.290,0.2,0.5,.444,.438,0.1,0.1,1.000,0.1,1.4,1.5,0.6,0.2,0.2,0.2,0.9,1.9
Jaden Springer,SG,19,PHI,1,0,2.0,0.0,0.0,,0.0,0.0,,0.0,0.0,,,0.0,0.0,,0.0,0.0,0.0,0.0,0.0,0.0,0.0,0.0,0.0
Lamar Stevens,PF,24,CLE,15,0,10.5,1.1,3.1,.370,0.4,1.1,.375,0.7,2.0,.367,.435,0.3,0.5,.571,0.7,0.9,1.6,0.3,0.3,0.3,0.4,1.2,2.9
Isaiah Stewart,C,20,DET,21,21,25.3,3.3,6.1,.547,0.0,0.5,.091,3.3,5.6,.590,.551,0.8,1.1,.696,2.5,5.5,8.0,1.1,0.3,1.2,1.0,2.5,7.5
Max Strus,SF,25,MIA,18,0,20.2,2.9,6.4,.448,1.9,4.7,.405,1.0,1.8,.563,.595,0.6,0.9,.688,0.3,2.8,3.1,0.8,0.4,0.1,0.7,1.4,8.3
Jalen Suggs,PG,20,ORL,21,21,27.8,4.1,12.2,.339,1.2,4.9,.255,2.9,7.4,.394,.389,2.8,3.6,.763,0.8,2.6,3.4,3.6,1.1,0.4,3.2,2.8,12.3
Jae'Sean Tate,SF,26,HOU,23,23,28.2,4.9,9.8,.502,0.7,2.7,.274,4.2,7.1,.589,.540,1.9,2.4,.782,2.1,4.5,6.6,2.7,0.8,0.7,2.0,3.3,12.4
Jayson Tatum,SF,23,BOS,24,24,36.5,8.8,21.7,.406,2.7,8.4,.322,6.1,13.3,.459,.468,4.9,5.9,.830,1.1,7.7,8.8,3.7,0.9,0.8,2.5,2.5,25.2
Garrett Temple,SG,35,NOP,24,9,19.1,1.9,4.8,.388,1.0,2.9,.362,0.8,2.0,.426,.496,0.8,1.0,.792,0.7,2.1,2.8,1.1,1.0,0.6,0.8,1.8,5.6
Daniel Theis,C,29,HOU,17,15,22.8,3.2,6.5,.491,0.9,3.0,.314,2.2,3.5,.644,.564,1.1,1.4,.750,1.1,3.8,4.8,0.8,0.4,0.5,1.2,2.5,8.4
Brodric Thomas,SG,25,BOS,2,0,1.0,0.0,0.0,,0.0,0.0,,0.0,0.0,,,0.0,0.0,,0.5,0.0,0.5,0.0,0.0,0.0,0.5,0.0,0.0
Cameron Thomas,SG,20,BRK,16,0,10.7,1.4,4.1,.354,0.3,1.8,.179,1.1,2.3,.486,.392,0.7,0.9,.733,0.1,1.0,1.1,0.8,0.4,0.2,0.3,0.4,3.9
Matt Thomas,SG,27,CHI,8,0,6.1,0.6,2.4,.263,0.3,1.1,.222,0.4,1.3,.300,.316,0.0,0.0,,0.0,0.6,0.6,0.0,0.3,0.1,0.0,0.4,1.5
,,,,,,,,,,,,,,,,,,,,,,,,,,,,
Tristan Thompson,PF,30,SAC,16,0,13.8,2.3,4.3,.522,0.0,0.0,,2.3,4.3,.522,.522,1.2,2.1,.559,2.4,3.1,5.4,0.6,0.3,0.4,0.7,1.7,5.7
JT Thor,PF,19,CHO,4,0,8.8,0.8,2.0,.375,0.3,1.3,.200,0.5,0.8,.667,.438,0.3,0.5,.500,0.0,1.0,1.0,0.5,0.0,0.3,0.0,1.0,2.0
Matisse Thybulle,SG,24,PHI,17,5,25.1,2.4,4.5,.519,0.6,2.2,.297,1.7,2.4,.725,.591,0.4,0.4,1.000,0.5,2.0,2.5,1.1,1.9,1.3,1.0,2.2,5.7
Killian Tillie,C,23,MEM,10,0,7.7,0.8,2.3,.348,0.4,1.3,.308,0.4,1.0,.400,.435,0.1,0.2,.500,0.5,0.3,0.8,0.2,0.4,0.5,0.3,0.9,2.1
Xavier Tillman Sr.,PF,23,MEM,17,0,13.9,1.8,4.2,.431,0.2,1.2,.190,1.6,3.0,.529,.458,0.8,1.0,.765,1.1,1.9,3.1,1.4,1.1,0.4,0.6,0.9,4.6
Isaiah Todd,PF,20,WAS,4,0,2.8,0.5,1.5,.333,0.5,0.8,.667,0.0,0.8,.000,.500,0.3,0.5,.500,0.3,0.3,0.5,0.0,0.5,0.3,0.3,0.3,1.8
Obi Toppin,PF,23,NYK,23,0,15.5,3.1,6.0,.526,0.3,1.6,.189,2.8,4.3,.650,.551,1.5,2.0,.761,1.1,2.6,3.7,1.0,0.4,0.7,1.0,1.6,8.1
Juan Toscano-Anderson,SF,28,GSW,23,1,16.4,2.1,3.8,.545,0.4,1.3,.290,1.7,2.5,.684,.597,0.7,1.0,.667,0.5,2.3,2.8,2.2,0.7,0.4,1.1,1.5,5.3
Karl-Anthony Towns,C,26,MIN,23,23,34.6,8.7,17.1,.505,2.7,5.9,.452,6.0,11.3,.533,.582,4.3,5.3,.811,2.9,6.4,9.3,3.3,1.1,1.0,3.4,3.7,24.3
Gary Trent Jr.,SG,23,TOR,22,21,34.2,6.0,14.5,.415,2.6,7.1,.363,3.4,7.3,.466,.505,1.8,1.9,.929,0.5,2.8,3.3,1.8,2.0,0.4,0.9,2.1,16.4
P.J. Tucker,PF,36,MIA,25,25,27.4,2.5,5.1,.492,1.0,2.4,.417,1.5,2.7,.559,.590,0.4,0.5,.846,1.6,3.8,5.4,1.7,0.7,0.3,0.8,2.5,6.5
Myles Turner,C,25,IND,25,25,29.0,4.5,8.6,.526,1.8,4.6,.395,2.7,4.0,.673,.630,1.7,2.4,.705,1.5,6.0,7.5,1.0,0.6,2.8,1.4,2.5,12.6
Jonas Valančiūnas,C,29,NOP,26,26,31.0,7.0,13.8,.511,1.2,2.5,.462,5.9,11.3,.522,.553,3.3,4.0,.827,3.3,8.7,12.0,2.4,0.6,0.9,2.0,3.2,18.5
Denzel Valentine,SG,28,CLE,15,0,6.5,0.7,2.4,.278,0.5,1.5,.304,0.2,0.9,.231,.375,0.0,0.0,,0.4,0.7,1.1,0.2,0.3,0.0,0.4,0.6,1.8
Jarred Vanderbilt,PF,22,MIN,23,16,23.0,2.4,4.4,.539,0.0,0.3,.000,2.4,4.1,.579,.539,1.0,1.3,.828,3.2,5.3,8.4,1.2,1.3,0.8,1.0,2.9,5.8
Fred VanVleet,PG,27,TOR,23,23,38.1,7.1,16.0,.442,3.1,8.0,.391,4.0,8.0,.492,.539,2.5,2.9,.866,0.7,4.2,5.0,6.1,1.5,0.6,3.2,2.7,19.8
Devin Vassell,SF,21,SAS,18,0,25.0,4.4,9.5,.468,1.8,4.7,.388,2.6,4.8,.547,.564,0.9,1.2,.727,0.5,3.2,3.7,1.4,1.2,0.7,0.7,2.0,11.6
Gabe Vincent,PG,25,MIA,22,1,17.3,2.4,5.4,.441,1.2,3.3,.375,1.1,2.1,.543,.555,0.6,0.7,.813,0.5,1.1,1.6,2.2,0.6,0.1,1.2,2.0,6.5
Nikola Vučević,C,31,CHI,18,18,33.3,6.3,14.9,.420,1.7,4.6,.361,4.6,10.3,.446,.476,1.1,1.7,.633,1.7,8.9,10.6,3.8,1.0,1.0,1.6,2.3,15.3
Dean Wade,PF,25,CLE,16,11,22.4,1.8,4.5,.403,0.9,2.9,.298,0.9,1.6,.600,.500,0.3,0.4,.833,0.8,2.5,3.3,1.3,0.7,0.1,0.3,2.0,4.8
,,,,,,,,,,,,,,,,,,,,,,,,,,,,
Franz Wagner,SF,20,ORL,25,25,31.6,5.3,12.0,.440,1.4,3.8,.365,3.9,8.2,.475,.498,1.7,2.1,.792,1.4,3.0,4.3,2.8,1.2,0.5,1.2,2.4,13.6
Moritz Wagner,C,24,ORL,23,0,11.6,1.9,4.4,.436,1.0,2.8,.354,0.9,1.6,.583,.550,1.1,1.5,.743,0.4,2.0,2.4,0.7,0.1,0.2,0.8,2.0,6.0
Ish Wainright,F,27,PHO,6,0,4.5,0.2,1.2,.143,0.0,0.5,.000,0.2,0.7,.250,.143,0.0,0.3,.000,0.5,0.3,0.8,0.3,0.3,0.0,0.3,1.2,0.3
Kemba Walker,PG,31,NYK,18,18,24.5,4.2,9.8,.429,2.1,5.1,.413,2.1,4.7,.447,.537,1.1,1.4,.800,0.1,2.4,2.6,3.1,1.1,0.3,1.3,1.1,11.7
Lonnie Walker,SG,23,SAS,22,3,22.5,3.7,9.9,.376,1.5,5.2,.289,2.2,4.7,.471,.452,1.2,1.5,.818,0.1,2.8,2.9,2.5,0.7,0.4,1.3,1.4,10.2
Brad Wanamaker,PG,32,IND,14,0,12.2,1.1,3.3,.348,0.3,1.0,.286,0.9,2.3,.375,.391,1.1,1.2,.882,0.3,1.3,1.6,2.3,0.1,0.4,1.1,1.8,3.6
Duane Washington Jr.,PG,21,IND,2,0,2.0,1.0,1.5,.667,0.5,1.0,.500,0.5,0.5,1.000,.833,0.0,0.0,,0.0,0.5,0.5,0.0,0.0,0.0,0.0,0.0,2.5
P.J. Washington,PF,23,CHO,14,3,25.1,3.9,8.3,.466,2.0,4.5,.444,1.9,3.8,.491,.586,1.1,1.6,.696,1.3,4.1,5.4,1.9,0.8,1.1,1.4,1.9,10.9
Yuta Watanabe,SF,27,TOR,5,0,16.8,2.0,5.2,.385,1.4,3.4,.412,0.6,1.8,.333,.519,0.6,1.2,.500,1.0,1.8,2.8,0.6,0.6,0.4,0.2,1.6,6.0
Trendon Watford,F,21,POR,5,0,4.8,1.0,2.2,.455,0.0,0.0,,1.0,2.2,.455,.455,0.4,0.6,.667,0.2,0.4,0.6,0.6,0.2,0.2,0.2,0.2,2.4
Paul Watson,SF,27,OKC,3,0,23.7,0.7,4.7,.143,0.7,4.0,.167,0.0,0.7,.000,.214,0.3,0.7,.500,0.7,3.0,3.7,1.0,0.0,1.0,0.7,1.3,2.3
Russell Westbrook,PG,33,LAL,24,24,36.2,7.5,16.9,.446,1.4,4.3,.320,6.2,12.6,.488,.486,3.8,5.5,.684,1.3,6.6,8.0,8.6,1.3,0.2,4.6,3.2,20.3
Coby White,PG,21,CHI,9,1,17.6,2.4,7.0,.349,0.8,3.4,.226,1.7,3.6,.469,.405,0.4,0.8,.571,0.1,2.4,2.6,1.3,0.1,0.1,0.9,1.7,6.1
Derrick White,SG,27,SAS,22,22,31.2,4.6,11.7,.397,1.5,5.4,.288,3.1,6.3,.489,.463,1.9,2.3,.804,0.6,2.9,3.5,5.0,1.2,1.0,1.4,2.2,12.7
Hassan Whiteside,C,32,UTA,22,0,15.3,2.7,4.6,.584,0.0,0.0,,2.7,4.6,.584,.584,1.4,2.0,.698,2.0,4.4,6.4,0.3,0.2,1.3,1.0,3.0,6.7
Joe Wieskamp,G,22,SAS,3,0,1.7,0.3,0.3,1.000,0.3,0.3,1.000,0.0,0.0,,1.500,0.0,0.0,,0.0,0.0,0.0,0.0,0.0,0.0,0.0,0.0,1.0
Aaron Wiggins,G,23,OKC,9,1,14.4,0.9,2.0,.444,0.7,1.8,.375,0.2,0.2,1.000,.611,0.4,0.8,.571,0.1,1.4,1.6,1.1,0.3,0.1,0.8,1.7,2.9
Andrew Wiggins,SF,26,GSW,24,24,30.3,6.9,14.2,.488,2.2,5.2,.416,4.8,9.0,.530,.565,2.7,3.7,.719,1.2,3.3,4.4,1.7,0.8,0.5,1.7,1.6,18.7
Grant Williams,PF,23,BOS,24,9,22.0,2.6,5.0,.512,1.5,3.4,.432,1.1,1.7,.675,.657,0.8,0.9,.909,0.6,2.7,3.3,1.2,0.3,0.6,0.5,1.9,7.5
Kenrich Williams,SF,27,OKC,20,0,20.5,2.8,6.0,.462,0.7,2.0,.350,2.1,4.0,.519,.521,0.9,1.5,.567,1.0,2.5,3.5,1.8,0.9,0.3,0.8,1.8,7.1
,,,,,,,,,,,,,,,,,,,,,,,,,,,,
Lou Williams,PG,35,ATL,20,0,13.5,2.3,6.1,.380,0.7,1.8,.361,1.7,4.3,.388,.434,1.1,1.3,.846,0.3,1.2,1.5,1.3,0.6,0.1,0.9,1.0,6.4
Patrick Williams,PF,20,CHI,5,5,25.0,2.6,4.6,.565,0.6,1.2,.500,2.0,3.4,.588,.630,0.8,0.8,1.000,0.2,2.0,2.2,0.6,0.6,0.4,0.4,1.8,6.6
Robert Williams,C,24,BOS,17,17,28.5,4.1,5.4,.750,0.0,0.0,,4.1,5.4,.750,.750,1.0,1.6,.630,3.6,5.0,8.6,1.2,0.8,1.9,1.0,1.6,9.1
Ziaire Williams,SF,20,MEM,19,0,17.8,1.8,5.2,.354,0.8,3.4,.246,1.0,1.8,.559,.434,0.2,0.3,.667,0.3,1.2,1.5,0.6,0.4,0.3,0.6,1.7,4.7
Dylan Windler,SF,25,CLE,17,0,10.8,1.0,2.2,.459,0.6,1.4,.417,0.4,0.8,.538,.595,0.2,0.2,.750,0.4,1.4,1.8,1.1,0.2,0.1,0.5,1.1,2.8
Justise Winslow,SF,25,LAC,16,0,8.1,0.9,2.5,.375,0.1,0.5,.125,0.9,2.0,.438,.388,0.1,0.3,.500,0.5,1.7,2.2,1.1,0.4,0.3,0.9,0.7,2.1
Cassius Winston,PG,23,WAS,1,0,4.0,0.0,1.0,.000,0.0,1.0,.000,0.0,0.0,,.000,2.0,2.0,1.000,0.0,0.0,0.0,0.0,0.0,0.0,1.0,0.0,2.0
Christian Wood,C,26,HOU,23,23,31.7,6.2,13.3,.466,1.7,4.6,.368,4.5,8.7,.517,.529,2.3,4.1,.574,1.8,9.3,11.1,2.3,0.5,1.1,1.8,2.3,16.5
Robert Woodard,SF,22,SAC,1,0,3.0,0.0,0.0,,0.0,0.0,,0.0,0.0,,,0.0,0.0,,0.0,0.0,0.0,0.0,0.0,0.0,0.0,0.0,0.0
Delon Wright,SG,29,ATL,23,0,14.0,1.0,2.7,.387,0.3,0.9,.381,0.7,1.8,.390,.452,0.6,0.7,.765,0.8,2.0,2.8,2.1,0.7,0.1,0.4,0.5,3.0
McKinley Wright IV,PG,23,MIN,1,0,4.0,1.0,1.0,1.000,1.0,1.0,1.000,0.0,0.0,,1.500,0.0,0.0,,0.0,0.0,0.0,0.0,0.0,0.0,1.0,0.0,3.0
Thaddeus Young,PF,33,SAS,19,0,15.1,3.2,5.4,.583,0.0,0.2,.000,3.2,5.3,.600,.583,0.4,0.8,.438,1.5,2.1,3.5,2.6,1.0,0.3,1.2,1.4,6.7
Trae Young,PG,23,ATL,25,25,34.2,9.1,20.0,.456,2.8,7.0,.392,6.4,13.0,.491,.525,5.3,6.0,.886,0.7,3.2,4.0,9.4,0.9,0.1,4.0,1.7,26.3
Omer Yurtseven,C,23,MIA,16,0,6.3,1.1,2.2,.514,0.0,0.1,.000,1.1,2.1,.545,.514,0.4,0.6,.700,0.4,1.2,1.6,0.3,0.1,0.4,0.3,0.6,2.7
Cody Zeller,C,29,POR,24,0,13.3,1.8,3.2,.566,0.0,0.2,.000,1.8,3.0,.597,.566,1.5,2.0,.766,1.8,2.8,4.6,0.8,0.3,0.3,0.7,2.1,5.1
Ivica Zubac,C,24,LAC,25,25,24.6,3.7,5.5,.667,0.0,0.0,,3.7,5.5,.667,.667,2.7,3.5,.761,2.5,5.6,8.1,1.1,0.5,1.0,1.1,2.0,10.0
